cavity_id,site,chain,residue,area,volume,avg_depth,max_depth,avg_hydropathy
KCD,467,C,L,306.56,374.98,3.69,11.29,-0.62
KCD,474,A,I,306.56,374.98,3.69,11.29,-0.62
KCD,473,C,Y,306.56,374.98,3.69,11.29,-0.62
KCD,470,C,S,306.56,374.98,3.69,11.29,-0.62
KCD,471,A,K,306.56,374.98,3.69,11.29,-0.62
KCD,471,B,K,306.56,374.98,3.69,11.29,-0.62
KCD,474,B,I,306.56,374.98,3.69,11.29,-0.62
KCD,474,C,I,306.56,374.98,3.69,11.29,-0.62
KCD,477,A,A,306.56,374.98,3.69,11.29,-0.62
KCD,467,A,L,306.56,374.98,3.69,11.29,-0.62
KCD,467,B,L,306.56,374.98,3.69,11.29,-0.62
KCD,467,C,L,306.56,374.98,3.69,11.29,-0.62
KCD,470,A,S,306.56,374.98,3.69,11.29,-0.62
KCD,470,B,S,306.56,374.98,3.69,11.29,-0.62
KCD,481,C,L,306.56,374.98,3.69,11.29,-0.62
KCD,482,B,D,306.56,374.98,3.69,11.29,-0.62
KCD,513,A,Q,306.56,374.98,3.69,11.29,-0.62
KCD,471,C,K,306.56,374.98,3.69,11.29,-0.62
KCD,473,A,Y,306.56,374.98,3.69,11.29,-0.62
KCD,473,B,Y,306.56,374.98,3.69,11.29,-0.62
KCD,524,A,L,306.56,374.98,3.69,11.29,-0.62
KCD,481,B,L,306.56,374.98,3.69,11.29,-0.62
KCD,477,C,A,306.56,374.98,3.69,11.29,-0.62
KCD,478,B,Q,306.56,374.98,3.69,11.29,-0.62
KCD,525,A,D,306.56,374.98,3.69,11.29,-0.62
KCD,477,B,A,306.56,374.98,3.69,11.29,-0.62
KCD,478,C,Q,306.56,374.98,3.69,11.29,-0.62
KDV,85,A,G,305.52,307.58,0.95,3.45,0.1
KDV,86,A,I,305.52,307.58,0.95,3.45,0.1
KDV,41,C,G,305.52,307.58,0.95,3.45,0.1
KDV,82,A,R,305.52,307.58,0.95,3.45,0.1
KDV,93,A,A,305.52,307.58,0.95,3.45,0.1
KDV,89,A,P,305.52,307.58,0.95,3.45,0.1
KDV,97,A,Y,305.52,307.58,0.95,3.45,0.1
KDV,96,A,I,305.52,307.58,0.95,3.45,0.1
KDV,215,A,G,305.52,307.58,0.95,3.45,0.1
KDV,216,A,P,305.52,307.58,0.95,3.45,0.1
KDV,214,A,F,305.52,307.58,0.95,3.45,0.1
KDV,127,A,Q,305.52,307.58,0.95,3.45,0.1
KDV,253,C,F,305.52,307.58,0.95,3.45,0.1
KDV,254,C,D,305.52,307.58,0.95,3.45,0.1
KDV,122,A,I,305.52,307.58,0.95,3.45,0.1
KDV,120,A,I,305.52,307.58,0.95,3.45,0.1
KDV,334,C,T,305.52,307.58,0.95,3.45,0.1
KDV,90,A,I,305.52,307.58,0.95,3.45,0.1
KDV,44,C,R,305.52,307.58,0.95,3.45,0.1
KDV,42,C,V,305.52,307.58,0.95,3.45,0.1
KDV,297,C,L,305.52,307.58,0.95,3.45,0.1
KDV,295,C,E,305.52,307.58,0.95,3.45,0.1
KDV,219,A,Q,305.52,307.58,0.95,3.45,0.1
KDV,218,A,L,305.52,307.58,0.95,3.45,0.1
KDV,221,A,P,305.52,307.58,0.95,3.45,0.1
KDV,335,C,K,305.52,307.58,0.95,3.45,0.1
KDV,124,A,T,305.52,307.58,0.95,3.45,0.1
KDV,123,A,A,305.52,307.58,0.95,3.45,0.1
KDV,244,C,R,305.52,307.58,0.95,3.45,0.1
KDV,220,A,D,305.52,307.58,0.95,3.45,0.1
KDV,222,A,V,305.52,307.58,0.95,3.45,0.1
KBB,82,C,R,151.44,135.22,0.7,3.0,-0.18
KBB,219,C,Q,151.44,135.22,0.7,3.0,-0.18
KBB,85,C,G,151.44,135.22,0.7,3.0,-0.18
KBB,218,C,L,151.44,135.22,0.7,3.0,-0.18
KBB,253,B,F,151.44,135.22,0.7,3.0,-0.18
KBB,215,C,G,151.44,135.22,0.7,3.0,-0.18
KBB,216,C,P,151.44,135.22,0.7,3.0,-0.18
KBB,214,C,F,151.44,135.22,0.7,3.0,-0.18
KBB,221,C,P,151.44,135.22,0.7,3.0,-0.18
KBB,254,B,D,151.44,135.22,0.7,3.0,-0.18
KBB,93,C,A,151.44,135.22,0.7,3.0,-0.18
KBB,90,C,I,151.44,135.22,0.7,3.0,-0.18
KBB,334,B,T,151.44,135.22,0.7,3.0,-0.18
KBB,250,B,T,151.44,135.22,0.7,3.0,-0.18
KBB,251,B,E,151.44,135.22,0.7,3.0,-0.18
KBB,335,B,K,151.44,135.22,0.7,3.0,-0.18
KBB,86,C,I,151.44,135.22,0.7,3.0,-0.18
KBB,89,C,P,151.44,135.22,0.7,3.0,-0.18
KBN,182,B,N,127.46,98.28,0.0,0.0,0.37
KBN,186,B,T,127.46,98.28,0.0,0.0,0.37
KBN,186,C,T,127.46,98.28,0.0,0.0,0.37
KBN,186,A,T,127.46,98.28,0.0,0.0,0.37
KBN,185,A,P,127.46,98.28,0.0,0.0,0.37
KBN,189,B,K,127.46,98.28,0.0,0.0,0.37
KBN,189,C,K,127.46,98.28,0.0,0.0,0.37
KBN,181,B,T,127.46,98.28,0.0,0.0,0.37
KBN,181,A,T,127.46,98.28,0.0,0.0,0.37
KBN,182,A,N,127.46,98.28,0.0,0.0,0.37
KBN,181,C,T,127.46,98.28,0.0,0.0,0.37
KBN,185,C,P,127.46,98.28,0.0,0.0,0.37
KBN,185,B,P,127.46,98.28,0.0,0.0,0.37
KBN,182,C,N,127.46,98.28,0.0,0.0,0.37
KBN,189,A,K,127.46,98.28,0.0,0.0,0.37
KBN,181,C,T,127.46,98.28,0.0,0.0,0.37
KCI,96,C,I,123.14,111.24,0.58,2.16,0.03
KCI,97,C,Y,123.14,111.24,0.58,2.16,0.03
KCI,124,C,T,123.14,111.24,0.58,2.16,0.03
KCI,93,C,A,123.14,111.24,0.58,2.16,0.03
KCI,297,B,L,123.14,111.24,0.58,2.16,0.03
KCI,222,C,V,123.14,111.24,0.58,2.16,0.03
KCI,41,B,G,123.14,111.24,0.58,2.16,0.03
KCI,221,C,P,123.14,111.24,0.58,2.16,0.03
KCI,220,C,D,123.14,111.24,0.58,2.16,0.03
KCI,120,C,I,123.14,111.24,0.58,2.16,0.03
KCI,122,C,I,123.14,111.24,0.58,2.16,0.03
KCI,127,C,Q,123.14,111.24,0.58,2.16,0.03
KCI,219,C,Q,123.14,111.24,0.58,2.16,0.03
KCI,295,B,E,123.14,111.24,0.58,2.16,0.03
KCI,123,C,A,123.14,111.24,0.58,2.16,0.03
KCI,335,B,K,123.14,111.24,0.58,2.16,0.03
KCI,42,B,V,123.14,111.24,0.58,2.16,0.03
KCI,44,B,R,123.14,111.24,0.58,2.16,0.03
KAK,120,B,I,113.05,102.6,0.6,2.16,-0.05
KAK,220,B,D,113.05,102.6,0.6,2.16,-0.05
KAK,219,B,Q,113.05,102.6,0.6,2.16,-0.05
KAK,97,B,Y,113.05,102.6,0.6,2.16,-0.05
KAK,123,B,A,113.05,102.6,0.6,2.16,-0.05
KAK,96,B,I,113.05,102.6,0.6,2.16,-0.05
KAK,122,B,I,113.05,102.6,0.6,2.16,-0.05
KAK,127,B,Q,113.05,102.6,0.6,2.16,-0.05
KAK,124,B,T,113.05,102.6,0.6,2.16,-0.05
KAK,42,A,V,113.05,102.6,0.6,2.16,-0.05
KAK,335,A,K,113.05,102.6,0.6,2.16,-0.05
KAK,295,A,E,113.05,102.6,0.6,2.16,-0.05
KAK,297,A,L,113.05,102.6,0.6,2.16,-0.05
KAK,41,A,G,113.05,102.6,0.6,2.16,-0.05
KAK,93,B,A,113.05,102.6,0.6,2.16,-0.05
KAK,221,B,P,113.05,102.6,0.6,2.16,-0.05
KAK,222,B,V,113.05,102.6,0.6,2.16,-0.05
KDR,442,C,G,102.26,102.38,1.86,5.37,0.08
KDR,439,C,N,102.26,102.38,1.86,5.37,0.08
KDR,441,C,E,102.26,102.38,1.86,5.37,0.08
KDR,443,C,I,102.26,102.38,1.86,5.37,0.08
KDR,410,C,L,102.26,102.38,1.86,5.37,0.08
KDR,408,C,T,102.26,102.38,1.86,5.37,0.08
KDR,406,C,E,102.26,102.38,1.86,5.37,0.08
KDR,35,C,K,102.26,102.38,1.86,5.37,0.08
KDR,438,C,Y,102.26,102.38,1.86,5.37,0.08
KDR,409,C,L,102.26,102.38,1.86,5.37,0.08
KDR,407,C,Q,102.26,102.38,1.86,5.37,0.08
KDR,440,C,S,102.26,102.38,1.86,5.37,0.08
KBY,223,A,S,92.32,74.09,0.32,1.34,0.44
KBY,129,A,T,92.32,74.09,0.32,1.34,0.44
KBY,126,A,A,92.32,74.09,0.32,1.34,0.44
KBY,127,A,Q,92.32,74.09,0.32,1.34,0.44
KBY,224,A,N,92.32,74.09,0.32,1.34,0.44
KBY,225,A,S,92.32,74.09,0.32,1.34,0.44
KBY,49,A,K,92.32,74.09,0.32,1.34,0.44
KBY,342,A,Q,92.32,74.09,0.32,1.34,0.44
KBY,260,A,D,92.32,74.09,0.32,1.34,0.44
KBY,130,A,A,92.32,74.09,0.32,1.34,0.44
KBY,226,A,M,92.32,74.09,0.32,1.34,0.44
KBY,227,A,T,92.32,74.09,0.32,1.34,0.44
KBY,261,A,S,92.32,74.09,0.32,1.34,0.44
KBY,281,A,Y,92.32,74.09,0.32,1.34,0.44
KBY,263,A,T,92.32,74.09,0.32,1.34,0.44
KBY,283,A,P,92.32,74.09,0.32,1.34,0.44
KBY,341,A,N,92.32,74.09,0.32,1.34,0.44
KBY,52,A,P,92.32,74.09,0.32,1.34,0.44
KCN,198,A,S,88.24,69.55,0.0,0.0,0.31
KCN,197,A,L,88.24,69.55,0.0,0.0,0.31
KCN,177,C,D,88.24,69.55,0.0,0.0,0.31
KCN,201,A,L,88.24,69.55,0.0,0.0,0.31
KCN,157,C,A,88.24,69.55,0.0,0.0,0.31
KCN,156,C,E,88.24,69.55,0.0,0.0,0.31
KCN,194,A,Q,88.24,69.55,0.0,0.0,0.31
KCN,180,C,N,88.24,69.55,0.0,0.0,0.31
KCN,176,C,Q,88.24,69.55,0.0,0.0,0.31
KCN,181,C,T,88.24,69.55,0.0,0.0,0.31
KAH,408,A,T,84.82,86.18,1.58,4.69,-0.0
KAH,443,A,I,84.82,86.18,1.58,4.69,-0.0
KAH,442,A,G,84.82,86.18,1.58,4.69,-0.0
KAH,441,A,E,84.82,86.18,1.58,4.69,-0.0
KAH,406,A,E,84.82,86.18,1.58,4.69,-0.0
KAH,35,A,K,84.82,86.18,1.58,4.69,-0.0
KAH,409,A,L,84.82,86.18,1.58,4.69,-0.0
KAH,407,A,Q,84.82,86.18,1.58,4.69,-0.0
KAH,438,A,Y,84.82,86.18,1.58,4.69,-0.0
KAH,410,A,L,84.82,86.18,1.58,4.69,-0.0
KAH,440,A,S,84.82,86.18,1.58,4.69,-0.0
KAH,439,A,N,84.82,86.18,1.58,4.69,-0.0
KDO,442,B,G,84.78,84.24,1.63,4.61,0.14
KDO,441,B,E,84.78,84.24,1.63,4.61,0.14
KDO,440,B,S,84.78,84.24,1.63,4.61,0.14
KDO,439,B,N,84.78,84.24,1.63,4.61,0.14
KDO,438,B,Y,84.78,84.24,1.63,4.61,0.14
KDO,407,B,Q,84.78,84.24,1.63,4.61,0.14
KDO,35,B,K,84.78,84.24,1.63,4.61,0.14
KDO,410,B,L,84.78,84.24,1.63,4.61,0.14
KDO,406,B,E,84.78,84.24,1.63,4.61,0.14
KDO,443,B,I,84.78,84.24,1.63,4.61,0.14
KDO,409,B,L,84.78,84.24,1.63,4.61,0.14
KDO,408,B,T,84.78,84.24,1.63,4.61,0.14
KAN,253,B,F,84.66,55.73,1.54,3.5,-0.89
KAN,256,B,L,84.66,55.73,1.54,3.5,-0.89
KAN,53,B,L,84.66,55.73,1.54,3.5,-0.89
KAN,248,B,Y,84.66,55.73,1.54,3.5,-0.89
KAN,249,B,A,84.66,55.73,1.54,3.5,-0.89
KAN,250,B,T,84.66,55.73,1.54,3.5,-0.89
KAN,282,B,F,84.66,55.73,1.54,3.5,-0.89
KAN,262,B,I,84.66,55.73,1.54,3.5,-0.89
KAN,247,B,G,84.66,55.73,1.54,3.5,-0.89
KAN,283,B,P,84.66,55.73,1.54,3.5,-0.89
KBQ,177,A,D,83.61,63.94,0.0,0.0,0.43
KBQ,176,A,Q,83.61,63.94,0.0,0.0,0.43
KBQ,180,A,N,83.61,63.94,0.0,0.0,0.43
KBQ,198,B,S,83.61,63.94,0.0,0.0,0.43
KBQ,157,A,A,83.61,63.94,0.0,0.0,0.43
KBQ,156,A,E,83.61,63.94,0.0,0.0,0.43
KBQ,197,B,L,83.61,63.94,0.0,0.0,0.43
KBQ,201,B,L,83.61,63.94,0.0,0.0,0.43
KBQ,194,B,Q,83.61,63.94,0.0,0.0,0.43
KBQ,181,A,T,83.61,63.94,0.0,0.0,0.43
KBS,451,C,T,82.7,60.7,0.44,1.7,-0.8
KBS,451,A,T,82.7,60.7,0.44,1.7,-0.8
KBS,453,B,K,82.7,60.7,0.44,1.7,-0.8
KBS,453,C,K,82.7,60.7,0.44,1.7,-0.8
KBS,451,C,T,82.7,60.7,0.44,1.7,-0.8
KBS,456,C,I,82.7,60.7,0.44,1.7,-0.8
KBS,456,B,I,82.7,60.7,0.44,1.7,-0.8
KBS,456,A,I,82.7,60.7,0.44,1.7,-0.8
KBS,452,A,D,82.7,60.7,0.44,1.7,-0.8
KBS,453,A,K,82.7,60.7,0.44,1.7,-0.8
KAG,438,A,Y,80.2,75.17,0.72,2.55,0.04
KAG,34,A,S,80.2,75.17,0.72,2.55,0.04
KAG,384,A,F,80.2,75.17,0.72,2.55,0.04
KAG,432,A,Y,80.2,75.17,0.72,2.55,0.04
KAG,380,A,N,80.2,75.17,0.72,2.55,0.04
KAG,382,A,V,80.2,75.17,0.72,2.55,0.04
KAG,31,A,E,80.2,75.17,0.72,2.55,0.04
KAG,39,A,V,80.2,75.17,0.72,2.55,0.04
KAG,30,A,Y,80.2,75.17,0.72,2.55,0.04
KAG,40,A,K,80.2,75.17,0.72,2.55,0.04
KAG,379,A,S,80.2,75.17,0.72,2.55,0.04
KAU,198,C,S,80.07,61.99,0.0,0.0,0.37
KAU,197,C,L,80.07,61.99,0.0,0.0,0.37
KAU,201,C,L,80.07,61.99,0.0,0.0,0.37
KAU,156,B,E,80.07,61.99,0.0,0.0,0.37
KAU,177,B,D,80.07,61.99,0.0,0.0,0.37
KAU,176,B,Q,80.07,61.99,0.0,0.0,0.37
KAU,157,B,A,80.07,61.99,0.0,0.0,0.37
KAU,181,B,T,80.07,61.99,0.0,0.0,0.37
KAU,180,B,N,80.07,61.99,0.0,0.0,0.37
KAU,194,C,Q,80.07,61.99,0.0,0.0,0.37
KCV,264,A,G,75.4,63.29,1.82,3.98,-0.55
KCV,225,A,S,75.4,63.29,1.82,3.98,-0.55
KCV,226,A,M,75.4,63.29,1.82,3.98,-0.55
KCV,224,A,N,75.4,63.29,1.82,3.98,-0.55
KCV,265,A,Q,75.4,63.29,1.82,3.98,-0.55
KCV,231,A,I,75.4,63.29,1.82,3.98,-0.55
KCV,223,A,S,75.4,63.29,1.82,3.98,-0.55
KCV,220,A,D,75.4,63.29,1.82,3.98,-0.55
KCV,221,A,P,75.4,63.29,1.82,3.98,-0.55
KCV,266,A,I,75.4,63.29,1.82,3.98,-0.55
KCV,218,A,L,75.4,63.29,1.82,3.98,-0.55
KCX,460,A,I,72.72,47.52,0.32,1.2,-0.02
KCX,462,B,S,72.72,47.52,0.32,1.2,-0.02
KCX,466,B,S,72.72,47.52,0.32,1.2,-0.02
KCX,465,A,Q,72.72,47.52,0.32,1.2,-0.02
KCX,448,B,P,72.72,47.52,0.32,1.2,-0.02
KCX,464,A,N,72.72,47.52,0.32,1.2,-0.02
KCX,463,B,M,72.72,47.52,0.32,1.2,-0.02
KCX,449,B,V,72.72,47.52,0.32,1.2,-0.02
KCX,459,B,Q,72.72,47.52,0.32,1.2,-0.02
KCX,467,A,L,72.72,47.52,0.32,1.2,-0.02
KCX,461,A,S,72.72,47.52,0.32,1.2,-0.02
KDN,204,A,S,70.91,69.98,0.85,2.68,0.18
KDN,240,C,E,70.91,69.98,0.85,2.68,0.18
KDN,75,A,V,70.91,69.98,0.85,2.68,0.18
KDN,82,A,R,70.91,69.98,0.85,2.68,0.18
KDN,79,A,Y,70.91,69.98,0.85,2.68,0.18
KDN,78,A,N,70.91,69.98,0.85,2.68,0.18
KDN,200,A,D,70.91,69.98,0.85,2.68,0.18
KDN,207,A,L,70.91,69.98,0.85,2.68,0.18
KDN,244,C,R,70.91,69.98,0.85,2.68,0.18
KDN,203,A,L,70.91,69.98,0.85,2.68,0.18
KCR,161,A,L,69.67,43.85,0.0,0.0,-0.99
KCR,169,A,V,69.67,43.85,0.0,0.0,-0.99
KCR,151,A,I,69.67,43.85,0.0,0.0,-0.99
KCR,171,A,V,69.67,43.85,0.0,0.0,-0.99
KCR,147,A,L,69.67,43.85,0.0,0.0,-0.99
KCR,144,A,I,69.67,43.85,0.0,0.0,-0.99
KCR,58,A,V,69.67,43.85,0.0,0.0,-0.99
KCR,162,A,Q,69.67,43.85,0.0,0.0,-0.99
KCR,163,A,E,69.67,43.85,0.0,0.0,-0.99
KCA,163,A,E,68.91,54.0,0.76,2.94,0.46
KCA,169,A,V,68.91,54.0,0.76,2.94,0.46
KCA,168,A,T,68.91,54.0,0.76,2.94,0.46
KCA,56,A,D,68.91,54.0,0.76,2.94,0.46
KCA,140,A,N,68.91,54.0,0.76,2.94,0.46
KCA,144,A,I,68.91,54.0,0.76,2.94,0.46
KCA,55,A,K,68.91,54.0,0.76,2.94,0.46
KCA,57,A,I,68.91,54.0,0.76,2.94,0.46
KCA,246,A,L,68.91,54.0,0.76,2.94,0.46
KCA,167,A,K,68.91,54.0,0.76,2.94,0.46
KCA,170,A,Y,68.91,54.0,0.76,2.94,0.46
KCO,433,B,L,67.17,50.54,0.54,2.16,-0.0
KCO,384,B,F,67.17,50.54,0.54,2.16,-0.0
KCO,30,B,Y,67.17,50.54,0.54,2.16,-0.0
KCO,31,B,E,67.17,50.54,0.54,2.16,-0.0
KCO,432,B,Y,67.17,50.54,0.54,2.16,-0.0
KCO,40,B,K,67.17,50.54,0.54,2.16,-0.0
KCO,379,B,S,67.17,50.54,0.54,2.16,-0.0
KCO,382,B,V,67.17,50.54,0.54,2.16,-0.0
KCO,380,B,N,67.17,50.54,0.54,2.16,-0.0
KCO,39,B,V,67.17,50.54,0.54,2.16,-0.0
KCO,34,B,S,67.17,50.54,0.54,2.16,-0.0
KEC,34,C,S,66.03,61.56,0.77,2.68,-0.02
KAQ,90,B,I,66.03,49.9,0.57,1.99,-0.69
KEC,40,C,K,66.03,61.56,0.77,2.68,-0.02
KEC,382,C,V,66.03,61.56,0.77,2.68,-0.02
KEC,380,C,N,66.03,61.56,0.77,2.68,-0.02
KEC,379,C,S,66.03,61.56,0.77,2.68,-0.02
KAQ,89,B,P,66.03,49.9,0.57,1.99,-0.69
KAQ,218,B,L,66.03,49.9,0.57,1.99,-0.69
KAQ,219,B,Q,66.03,49.9,0.57,1.99,-0.69
KAQ,221,B,P,66.03,49.9,0.57,1.99,-0.69
KEC,39,C,V,66.03,61.56,0.77,2.68,-0.02
KEC,31,C,E,66.03,61.56,0.77,2.68,-0.02
KAQ,214,B,F,66.03,49.9,0.57,1.99,-0.69
KEC,384,C,F,66.03,61.56,0.77,2.68,-0.02
KEC,432,C,Y,66.03,61.56,0.77,2.68,-0.02
KEC,30,C,Y,66.03,61.56,0.77,2.68,-0.02
KAQ,215,B,G,66.03,49.9,0.57,1.99,-0.69
KAQ,216,B,P,66.03,49.9,0.57,1.99,-0.69
KAQ,334,A,T,66.03,49.9,0.57,1.99,-0.69
KAQ,335,A,K,66.03,49.9,0.57,1.99,-0.69
KAQ,86,B,I,66.03,49.9,0.57,1.99,-0.69
KCT,231,C,I,65.74,53.35,1.68,3.55,-0.63
KCT,265,C,Q,65.74,53.35,1.68,3.55,-0.63
KCT,220,C,D,65.74,53.35,1.68,3.55,-0.63
KCT,223,C,S,65.74,53.35,1.68,3.55,-0.63
KCT,221,C,P,65.74,53.35,1.68,3.55,-0.63
KCT,264,C,G,65.74,53.35,1.68,3.55,-0.63
KCT,226,C,M,65.74,53.35,1.68,3.55,-0.63
KCT,218,C,L,65.74,53.35,1.68,3.55,-0.63
KCT,266,C,I,65.74,53.35,1.68,3.55,-0.63
KCT,224,C,N,65.74,53.35,1.68,3.55,-0.63
KBR,449,C,V,64.97,38.88,0.2,0.85,0.15
KBR,450,C,F,64.97,38.88,0.2,0.85,0.15
KBR,447,C,P,64.97,38.88,0.2,0.85,0.15
KBR,351,A,N,64.97,38.88,0.2,0.85,0.15
KBR,349,A,T,64.97,38.88,0.2,0.85,0.15
KBR,464,B,N,64.97,38.88,0.2,0.85,0.15
KBR,460,B,I,64.97,38.88,0.2,0.85,0.15
KBR,463,C,M,64.97,38.88,0.2,0.85,0.15
KBR,461,B,S,64.97,38.88,0.2,0.85,0.15
KBR,448,C,P,64.97,38.88,0.2,0.85,0.15
KBR,459,C,Q,64.97,38.88,0.2,0.85,0.15
KBR,462,C,S,64.97,38.88,0.2,0.85,0.15
KBZ,66,A,S,63.39,47.95,0.69,2.24,0.54
KBZ,155,A,N,63.39,47.95,0.69,2.24,0.54
KBZ,64,A,N,63.39,47.95,0.69,2.24,0.54
KBZ,176,A,Q,63.39,47.95,0.69,2.24,0.54
KBZ,67,A,D,63.39,47.95,0.69,2.24,0.54
KBZ,190,B,I,63.39,47.95,0.69,2.24,0.54
KBZ,184,A,V,63.39,47.95,0.69,2.24,0.54
KBZ,179,A,I,63.39,47.95,0.69,2.24,0.54
KBZ,180,A,N,63.39,47.95,0.69,2.24,0.54
KBZ,194,B,Q,63.39,47.95,0.69,2.24,0.54
KDB,362,C,K,61.94,57.46,1.22,3.23,0.56
KDB,447,C,P,61.94,57.46,1.22,3.23,0.56
KDB,364,C,P,61.94,57.46,1.22,3.23,0.56
KDB,363,C,C,61.94,57.46,1.22,3.23,0.56
KDB,465,B,Q,61.94,57.46,1.22,3.23,0.56
KDB,461,B,S,61.94,57.46,1.22,3.23,0.56
KDB,351,C,N,61.94,57.46,1.22,3.23,0.56
KDB,462,B,S,61.94,57.46,1.22,3.23,0.56
KDB,458,B,S,61.94,57.46,1.22,3.23,0.56
KDB,361,C,E,61.94,57.46,1.22,3.23,0.56
KCF,461,A,S,61.66,59.18,1.27,3.79,0.55
KCF,364,B,P,61.66,59.18,1.27,3.79,0.55
KCF,361,B,E,61.66,59.18,1.27,3.79,0.55
KCF,458,A,S,61.66,59.18,1.27,3.79,0.55
KCF,363,B,C,61.66,59.18,1.27,3.79,0.55
KCF,362,B,K,61.66,59.18,1.27,3.79,0.55
KCF,447,B,P,61.66,59.18,1.27,3.79,0.55
KCF,462,A,S,61.66,59.18,1.27,3.79,0.55
KCF,465,A,Q,61.66,59.18,1.27,3.79,0.55
KCF,351,B,N,61.66,59.18,1.27,3.79,0.55
KBC,461,C,S,61.61,55.73,1.34,3.79,0.58
KBC,458,C,S,61.61,55.73,1.34,3.79,0.58
KBC,361,A,E,61.61,55.73,1.34,3.79,0.58
KBC,363,A,C,61.61,55.73,1.34,3.79,0.58
KBC,362,A,K,61.61,55.73,1.34,3.79,0.58
KBC,364,A,P,61.61,55.73,1.34,3.79,0.58
KBC,447,A,P,61.61,55.73,1.34,3.79,0.58
KBC,465,C,Q,61.61,55.73,1.34,3.79,0.58
KBC,462,C,S,61.61,55.73,1.34,3.79,0.58
KBC,351,A,N,61.61,55.73,1.34,3.79,0.58
KAY,206,B,Y,61.35,46.87,0.67,2.4,-0.56
KAY,201,C,L,61.35,46.87,0.67,2.4,-0.56
KAY,173,B,T,61.35,46.87,0.67,2.4,-0.56
KAY,236,B,G,61.35,46.87,0.67,2.4,-0.56
KAY,238,B,N,61.35,46.87,0.67,2.4,-0.56
KAY,157,B,A,61.35,46.87,0.67,2.4,-0.56
KAY,235,B,F,61.35,46.87,0.67,2.4,-0.56
KAY,177,B,D,61.35,46.87,0.67,2.4,-0.56
KAY,176,B,Q,61.35,46.87,0.67,2.4,-0.56
KAY,175,B,L,61.35,46.87,0.67,2.4,-0.56
KAY,174,B,A,61.35,46.87,0.67,2.4,-0.56
KBL,448,A,P,60.62,39.53,0.41,1.8,-0.1
KBL,466,A,S,60.62,39.53,0.41,1.8,-0.1
KBL,465,C,Q,60.62,39.53,0.41,1.8,-0.1
KBL,449,A,V,60.62,39.53,0.41,1.8,-0.1
KBL,460,C,I,60.62,39.53,0.41,1.8,-0.1
KBL,459,A,Q,60.62,39.53,0.41,1.8,-0.1
KBL,450,A,F,60.62,39.53,0.41,1.8,-0.1
KBL,447,A,P,60.62,39.53,0.41,1.8,-0.1
KBL,461,C,S,60.62,39.53,0.41,1.8,-0.1
KBL,462,A,S,60.62,39.53,0.41,1.8,-0.1
KBL,463,A,M,60.62,39.53,0.41,1.8,-0.1
KBL,464,C,N,60.62,39.53,0.41,1.8,-0.1
KDX,128,C,I,58.17,35.21,2.51,4.98,-1.18
KDX,421,B,V,58.17,35.21,2.51,4.98,-1.18
KDX,383,B,L,58.17,35.21,2.51,4.98,-1.18
KDX,376,B,F,58.17,35.21,2.51,4.98,-1.18
KDX,425,B,V,58.17,35.21,2.51,4.98,-1.18
KDX,420,B,A,58.17,35.21,2.51,4.98,-1.18
KDX,422,B,L,58.17,35.21,2.51,4.98,-1.18
KDX,426,B,I,58.17,35.21,2.51,4.98,-1.18
KDX,427,B,I,58.17,35.21,2.51,4.98,-1.18
KCC,460,B,I,56.87,38.45,0.0,0.0,-1.03
KCC,460,A,I,56.87,38.45,0.0,0.0,-1.03
KCC,459,B,Q,56.87,38.45,0.0,0.0,-1.03
KCC,460,C,I,56.87,38.45,0.0,0.0,-1.03
KCC,463,B,M,56.87,38.45,0.0,0.0,-1.03
KCC,463,C,M,56.87,38.45,0.0,0.0,-1.03
KCC,463,A,M,56.87,38.45,0.0,0.0,-1.03
KBF,283,A,P,56.19,44.93,0.95,2.55,-0.77
KBF,256,A,L,56.19,44.93,0.95,2.55,-0.77
KBF,253,A,F,56.19,44.93,0.95,2.55,-0.77
KBF,284,A,I,56.19,44.93,0.95,2.55,-0.77
KBF,282,A,F,56.19,44.93,0.95,2.55,-0.77
KBF,248,A,Y,56.19,44.93,0.95,2.55,-0.77
KBF,251,A,E,56.19,44.93,0.95,2.55,-0.77
KBF,249,A,A,56.19,44.93,0.95,2.55,-0.77
KAP,223,B,S,52.6,43.63,1.19,2.68,-0.66
KAP,224,B,N,52.6,43.63,1.19,2.68,-0.66
KAP,226,B,M,52.6,43.63,1.19,2.68,-0.66
KAP,231,B,I,52.6,43.63,1.19,2.68,-0.66
KAP,265,B,Q,52.6,43.63,1.19,2.68,-0.66
KAP,264,B,G,52.6,43.63,1.19,2.68,-0.66
KAP,220,B,D,52.6,43.63,1.19,2.68,-0.66
KAP,266,B,I,52.6,43.63,1.19,2.68,-0.66
KAP,221,B,P,52.6,43.63,1.19,2.68,-0.66
KAP,218,B,L,52.6,43.63,1.19,2.68,-0.66
KAR,155,B,N,51.98,42.55,0.8,2.62,0.45
KAR,67,B,D,51.98,42.55,0.8,2.62,0.45
KAR,176,B,Q,51.98,42.55,0.8,2.62,0.45
KAR,66,B,S,51.98,42.55,0.8,2.62,0.45
KAR,184,B,V,51.98,42.55,0.8,2.62,0.45
KAR,64,B,N,51.98,42.55,0.8,2.62,0.45
KAR,180,B,N,51.98,42.55,0.8,2.62,0.45
KAR,179,B,I,51.98,42.55,0.8,2.62,0.45
KCE,64,C,N,50.55,37.8,0.52,1.8,0.54
KCE,155,C,N,50.55,37.8,0.52,1.8,0.54
KCE,179,C,I,50.55,37.8,0.52,1.8,0.54
KCE,176,C,Q,50.55,37.8,0.52,1.8,0.54
KCE,180,C,N,50.55,37.8,0.52,1.8,0.54
KCE,185,C,P,50.55,37.8,0.52,1.8,0.54
KCE,194,A,Q,50.55,37.8,0.52,1.8,0.54
KCE,190,A,I,50.55,37.8,0.52,1.8,0.54
KCE,67,C,D,50.55,37.8,0.52,1.8,0.54
KCE,184,C,V,50.55,37.8,0.52,1.8,0.54
KBX,87,C,L,49.3,31.54,0.0,0.0,-1.18
KBX,90,C,I,49.3,31.54,0.0,0.0,-1.18
KBX,86,C,I,49.3,31.54,0.0,0.0,-1.18
KBX,214,C,F,49.3,31.54,0.0,0.0,-1.18
KBX,210,C,L,49.3,31.54,0.0,0.0,-1.18
KBX,83,C,L,49.3,31.54,0.0,0.0,-1.18
KBX,61,C,M,49.3,31.54,0.0,0.0,-1.18
KDS,134,A,L,48.82,35.64,1.22,3.23,-0.28
KDS,138,A,M,48.82,35.64,1.22,3.23,-0.28
KDS,135,A,Y,48.82,35.64,1.22,3.23,-0.28
KDS,101,A,T,48.82,35.64,1.22,3.23,-0.28
KDS,131,A,G,48.82,35.64,1.22,3.23,-0.28
KDS,98,A,K,48.82,35.64,1.22,3.23,-0.28
KDS,97,A,Y,48.82,35.64,1.22,3.23,-0.28
KBO,449,A,V,48.17,28.3,0.0,0.0,-0.73
KBO,460,C,I,48.17,28.3,0.0,0.0,-0.73
KBO,459,A,Q,48.17,28.3,0.0,0.0,-0.73
KBO,461,C,S,48.17,28.3,0.0,0.0,-0.73
KBO,450,A,F,48.17,28.3,0.0,0.0,-0.73
KBO,457,C,S,48.17,28.3,0.0,0.0,-0.73
KBO,456,A,I,48.17,28.3,0.0,0.0,-0.73
KDH,87,A,L,48.16,27.43,0.0,0.0,-1.17
KDH,61,A,M,48.16,27.43,0.0,0.0,-1.17
KDH,214,A,F,48.16,27.43,0.0,0.0,-1.17
KDH,90,A,I,48.16,27.43,0.0,0.0,-1.17
KDH,83,A,L,48.16,27.43,0.0,0.0,-1.17
KDH,86,A,I,48.16,27.43,0.0,0.0,-1.17
KDH,210,A,L,48.16,27.43,0.0,0.0,-1.17
KAE,425,A,V,46.49,28.94,0.0,0.0,-1.21
KAE,421,A,V,46.49,28.94,0.0,0.0,-1.21
KAE,376,A,F,46.49,28.94,0.0,0.0,-1.21
KAE,383,A,L,46.49,28.94,0.0,0.0,-1.21
KAE,422,A,L,46.49,28.94,0.0,0.0,-1.21
KAE,420,A,A,46.49,28.94,0.0,0.0,-1.21
KAE,426,A,I,46.49,28.94,0.0,0.0,-1.21
KAE,427,A,I,46.49,28.94,0.0,0.0,-1.21
KDM,138,C,M,45.64,29.16,1.92,3.65,-0.07
KDM,131,C,G,45.64,29.16,1.92,3.65,-0.07
KDM,135,C,Y,45.64,29.16,1.92,3.65,-0.07
KDM,97,C,Y,45.64,29.16,1.92,3.65,-0.07
KDM,134,C,L,45.64,29.16,1.92,3.65,-0.07
KDM,101,C,T,45.64,29.16,1.92,3.65,-0.07
KDM,98,C,K,45.64,29.16,1.92,3.65,-0.07
KAT,36,A,I,44.82,26.14,0.0,0.0,-0.26
KAT,364,A,P,44.82,26.14,0.0,0.0,-0.26
KAT,310,A,S,44.82,26.14,0.0,0.0,-0.26
KAT,360,A,T,44.82,26.14,0.0,0.0,-0.26
KAT,301,A,F,44.82,26.14,0.0,0.0,-0.26
KAT,365,A,R,44.82,26.14,0.0,0.0,-0.26
KAT,445,A,I,44.82,26.14,0.0,0.0,-0.26
KAT,363,A,C,44.82,26.14,0.0,0.0,-0.26
KAT,446,A,G,44.82,26.14,0.0,0.0,-0.26
KBK,324,A,S,44.79,39.74,0.5,1.99,-0.21
KBK,322,A,L,44.79,39.74,0.5,1.99,-0.21
KBK,347,A,P,44.79,39.74,0.5,1.99,-0.21
KBK,323,A,I,44.79,39.74,0.5,1.99,-0.21
KBK,450,C,F,44.79,39.74,0.5,1.99,-0.21
KBK,367,C,L,44.79,39.74,0.5,1.99,-0.21
KBK,348,A,M,44.79,39.74,0.5,1.99,-0.21
KBK,346,A,T,44.79,39.74,0.5,1.99,-0.21
KBK,369,C,V,44.79,39.74,0.5,1.99,-0.21
KBK,353,A,R,44.79,39.74,0.5,1.99,-0.21
KBT,76,C,M,44.47,30.67,0.22,1.04,-0.46
KBT,62,C,I,44.47,30.67,0.22,1.04,-0.46
KBT,60,C,K,44.47,30.67,0.22,1.04,-0.46
KBT,63,C,P,44.47,30.67,0.22,1.04,-0.46
KBT,64,C,N,44.47,30.67,0.22,1.04,-0.46
KBT,152,C,E,44.47,30.67,0.22,1.04,-0.46
KBT,274,C,Y,44.47,30.67,0.22,1.04,-0.46
KBT,80,C,K,44.47,30.67,0.22,1.04,-0.46
KBT,273,C,S,44.47,30.67,0.22,1.04,-0.46
KDD,445,C,I,44.42,22.25,0.0,0.0,-0.39
KDD,301,C,F,44.42,22.25,0.0,0.0,-0.39
KDD,446,C,G,44.42,22.25,0.0,0.0,-0.39
KDD,36,C,I,44.42,22.25,0.0,0.0,-0.39
KDD,364,C,P,44.42,22.25,0.0,0.0,-0.39
KDD,363,C,C,44.42,22.25,0.0,0.0,-0.39
KDD,310,C,S,44.42,22.25,0.0,0.0,-0.39
KDD,360,C,T,44.42,22.25,0.0,0.0,-0.39
KDD,365,C,R,44.42,22.25,0.0,0.0,-0.39
KCZ,363,B,C,43.85,27.65,0.0,0.0,-0.36
KCZ,360,B,T,43.85,27.65,0.0,0.0,-0.36
KCZ,310,B,S,43.85,27.65,0.0,0.0,-0.36
KCZ,445,B,I,43.85,27.65,0.0,0.0,-0.36
KCZ,365,B,R,43.85,27.65,0.0,0.0,-0.36
KCZ,446,B,G,43.85,27.65,0.0,0.0,-0.36
KCZ,364,B,P,43.85,27.65,0.0,0.0,-0.36
KCZ,36,B,I,43.85,27.65,0.0,0.0,-0.36
KCZ,301,B,F,43.85,27.65,0.0,0.0,-0.36
KBI,211,C,L,43.26,24.19,0.0,0.0,-0.03
KBI,240,B,E,43.26,24.19,0.0,0.0,-0.03
KBI,239,B,Y,43.26,24.19,0.0,0.0,-0.03
KBI,82,C,R,43.26,24.19,0.0,0.0,-0.03
KBI,208,C,S,43.26,24.19,0.0,0.0,-0.03
KBI,207,C,L,43.26,24.19,0.0,0.0,-0.03
KAF,134,B,L,42.47,28.08,1.67,3.06,-0.05
KAF,135,B,Y,42.47,28.08,1.67,3.06,-0.05
KAF,131,B,G,42.47,28.08,1.67,3.06,-0.05
KAF,101,B,T,42.47,28.08,1.67,3.06,-0.05
KAF,98,B,K,42.47,28.08,1.67,3.06,-0.05
KAF,97,B,Y,42.47,28.08,1.67,3.06,-0.05
KAF,138,B,M,42.47,28.08,1.67,3.06,-0.05
KBV,172,A,L,42.42,25.06,1.63,2.75,-0.76
KBV,170,A,Y,42.42,25.06,1.63,2.75,-0.76
KBV,158,A,V,42.42,25.06,1.63,2.75,-0.76
KBV,242,A,L,42.42,25.06,1.63,2.75,-0.76
KBV,245,A,T,42.42,25.06,1.63,2.75,-0.76
KBV,57,A,I,42.42,25.06,1.63,2.75,-0.76
KBV,246,A,L,42.42,25.06,1.63,2.75,-0.76
KAS,87,B,L,41.32,26.35,0.0,0.0,-1.13
KAS,61,B,M,41.32,26.35,0.0,0.0,-1.13
KAS,210,B,L,41.32,26.35,0.0,0.0,-1.13
KAS,214,B,F,41.32,26.35,0.0,0.0,-1.13
KAS,83,B,L,41.32,26.35,0.0,0.0,-1.13
KAS,86,B,I,41.32,26.35,0.0,0.0,-1.13
KAZ,202,B,A,40.63,21.82,0.0,0.0,-0.95
KAZ,203,B,L,40.63,21.82,0.0,0.0,-0.95
KAZ,183,B,L,40.63,21.82,0.0,0.0,-0.95
KAZ,179,B,I,40.63,21.82,0.0,0.0,-0.95
KAZ,63,B,P,40.63,21.82,0.0,0.0,-0.95
KAZ,178,B,Y,40.63,21.82,0.0,0.0,-0.95
KAZ,175,B,L,40.63,21.82,0.0,0.0,-0.95
KAZ,199,B,L,40.63,21.82,0.0,0.0,-0.95
KBG,229,A,Q,40.31,28.51,0.87,2.47,-0.33
KBG,257,A,L,40.31,28.51,0.87,2.47,-0.33
KBG,258,A,E,40.31,28.51,0.87,2.47,-0.33
KBG,212,B,F,40.31,28.51,0.87,2.47,-0.33
KBG,239,A,Y,40.31,28.51,0.87,2.47,-0.33
KBG,211,B,L,40.31,28.51,0.87,2.47,-0.33
KCQ,449,B,V,40.08,22.9,0.0,0.0,-0.87
KCQ,456,B,I,40.08,22.9,0.0,0.0,-0.87
KCQ,457,A,S,40.08,22.9,0.0,0.0,-0.87
KCQ,450,B,F,40.08,22.9,0.0,0.0,-0.87
KCQ,460,A,I,40.08,22.9,0.0,0.0,-0.87
KCQ,459,B,Q,40.08,22.9,0.0,0.0,-0.87
KCQ,456,A,I,40.08,22.9,0.0,0.0,-0.87
KBM,327,A,E,39.41,26.57,0.21,1.2,0.43
KBM,452,C,D,39.41,26.57,0.21,1.2,0.43
KBM,453,C,K,39.41,26.57,0.21,1.2,0.43
KBM,451,C,T,39.41,26.57,0.21,1.2,0.43
KBM,326,A,I,39.41,26.57,0.21,1.2,0.43
KBM,346,A,T,39.41,26.57,0.21,1.2,0.43
KBM,325,A,N,39.41,26.57,0.21,1.2,0.43
KAJ,147,B,L,39.07,21.17,0.0,0.0,-1.2
KAJ,58,B,V,39.07,21.17,0.0,0.0,-1.2
KAJ,144,B,I,39.07,21.17,0.0,0.0,-1.2
KAJ,161,B,L,39.07,21.17,0.0,0.0,-1.2
KAJ,151,B,I,39.07,21.17,0.0,0.0,-1.2
KAJ,171,B,V,39.07,21.17,0.0,0.0,-1.2
KAJ,169,B,V,39.07,21.17,0.0,0.0,-1.2
KBU,157,A,A,38.62,19.87,0.26,1.34,-0.67
KBU,173,A,T,38.62,19.87,0.26,1.34,-0.67
KBU,236,A,G,38.62,19.87,0.26,1.34,-0.67
KBU,238,A,N,38.62,19.87,0.26,1.34,-0.67
KBU,201,B,L,38.62,19.87,0.26,1.34,-0.67
KBU,177,A,D,38.62,19.87,0.26,1.34,-0.67
KBU,175,A,L,38.62,19.87,0.26,1.34,-0.67
KBU,174,A,A,38.62,19.87,0.26,1.34,-0.67
KBU,235,A,F,38.62,19.87,0.26,1.34,-0.67
KBU,176,A,Q,38.62,19.87,0.26,1.34,-0.67
KBP,63,C,P,38.34,19.01,0.0,0.0,-0.99
KBP,202,C,A,38.34,19.01,0.0,0.0,-0.99
KBP,203,C,L,38.34,19.01,0.0,0.0,-0.99
KBP,178,C,Y,38.34,19.01,0.0,0.0,-0.99
KBP,179,C,I,38.34,19.01,0.0,0.0,-0.99
KBP,175,C,L,38.34,19.01,0.0,0.0,-0.99
KBP,199,C,L,38.34,19.01,0.0,0.0,-0.99
KBH,229,B,Q,37.7,25.27,0.84,1.9,-0.33
KBH,212,C,F,37.7,25.27,0.84,1.9,-0.33
KBH,211,C,L,37.7,25.27,0.84,1.9,-0.33
KBH,257,B,L,37.7,25.27,0.84,1.9,-0.33
KBH,258,B,E,37.7,25.27,0.84,1.9,-0.33
KBH,239,B,Y,37.7,25.27,0.84,1.9,-0.33
KDC,452,B,D,36.38,19.66,0.32,1.34,0.38
KDC,366,B,E,36.38,19.66,0.32,1.34,0.38
KDC,347,C,P,36.38,19.66,0.32,1.34,0.38
KDC,346,C,T,36.38,19.66,0.32,1.34,0.38
KDC,325,C,N,36.38,19.66,0.32,1.34,0.38
KDC,327,C,E,36.38,19.66,0.32,1.34,0.38
KDC,451,B,T,36.38,19.66,0.32,1.34,0.38
KDC,326,C,I,36.38,19.66,0.32,1.34,0.38
KBA,369,A,V,35.48,21.82,0.22,0.85,-0.14
KBA,323,B,I,35.48,21.82,0.22,0.85,-0.14
KBA,322,B,L,35.48,21.82,0.22,0.85,-0.14
KBA,319,B,R,35.48,21.82,0.22,0.85,-0.14
KBA,353,B,R,35.48,21.82,0.22,0.85,-0.14
KBA,324,B,S,35.48,21.82,0.22,0.85,-0.14
KBA,367,A,L,35.48,21.82,0.22,0.85,-0.14
KBA,348,B,M,35.48,21.82,0.22,0.85,-0.14
KBA,347,B,P,35.48,21.82,0.22,0.85,-0.14
KAA,394,A,C,35.06,22.25,0.29,1.2,0.63
KAA,421,A,V,35.06,22.25,0.29,1.2,0.63
KAA,398,A,G,35.06,22.25,0.29,1.2,0.63
KAA,393,A,Q,35.06,22.25,0.29,1.2,0.63
KAA,109,B,R,35.06,22.25,0.29,1.2,0.63
KAA,110,B,L,35.06,22.25,0.29,1.2,0.63
KAA,395,A,Q,35.06,22.25,0.29,1.2,0.63
KCW,179,A,I,32.3,16.85,0.0,0.0,-1.03
KCW,202,A,A,32.3,16.85,0.0,0.0,-1.03
KCG,459,C,Q,32.3,16.85,0.0,0.0,-0.81
KCG,449,C,V,32.3,16.85,0.0,0.0,-0.81
KCG,456,C,I,32.3,16.85,0.0,0.0,-0.81
KCW,199,A,L,32.3,16.85,0.0,0.0,-1.03
KCW,175,A,L,32.3,16.85,0.0,0.0,-1.03
KCW,178,A,Y,32.3,16.85,0.0,0.0,-1.03
KCG,450,C,F,32.3,16.85,0.0,0.0,-0.81
KCG,457,B,S,32.3,16.85,0.0,0.0,-0.81
KCG,460,B,I,32.3,16.85,0.0,0.0,-0.81
KCW,203,A,L,32.3,16.85,0.0,0.0,-1.03
KCW,63,A,P,32.3,16.85,0.0,0.0,-1.03
KAX,370,A,S,31.67,21.6,0.35,1.2,-0.66
KAX,346,B,T,31.67,21.6,0.35,1.2,-0.66
KAX,373,A,V,31.67,21.6,0.35,1.2,-0.66
KAX,367,A,L,31.67,21.6,0.35,1.2,-0.66
KAX,347,B,P,31.67,21.6,0.35,1.2,-0.66
KAX,366,A,E,31.67,21.6,0.35,1.2,-0.66
KAX,368,A,V,31.67,21.6,0.35,1.2,-0.66
KAX,369,A,V,31.67,21.6,0.35,1.2,-0.66
KAX,345,B,A,31.67,21.6,0.35,1.2,-0.66
KCB,368,C,V,31.01,16.63,0.15,0.6,-0.75
KCB,345,A,A,31.01,16.63,0.15,0.6,-0.75
KCB,367,C,L,31.01,16.63,0.15,0.6,-0.75
KCB,373,C,V,31.01,16.63,0.15,0.6,-0.75
KCB,370,C,S,31.01,16.63,0.15,0.6,-0.75
KCB,369,C,V,31.01,16.63,0.15,0.6,-0.75
KCB,309,C,I,31.01,16.63,0.15,0.6,-0.75
KCB,347,A,P,31.01,16.63,0.15,0.6,-0.75
KCB,346,A,T,31.01,16.63,0.15,0.6,-0.75
KCB,366,C,E,31.01,16.63,0.15,0.6,-0.75
KCP,310,B,S,30.49,15.12,0.69,1.8,-0.45
KCP,312,B,V,30.49,15.12,0.69,1.8,-0.45
KCP,38,B,L,30.49,15.12,0.69,1.8,-0.45
KCP,296,B,L,30.49,15.12,0.69,1.8,-0.45
KCP,298,B,P,30.49,15.12,0.69,1.8,-0.45
KCP,297,B,L,30.49,15.12,0.69,1.8,-0.45
KCP,314,B,N,30.49,15.12,0.69,1.8,-0.45
KAL,170,B,Y,29.88,23.54,0.45,1.34,0.24
KAL,55,B,K,29.88,23.54,0.45,1.34,0.24
KAL,169,B,V,29.88,23.54,0.45,1.34,0.24
KAL,168,B,T,29.88,23.54,0.45,1.34,0.24
KAL,246,B,L,29.88,23.54,0.45,1.34,0.24
KAL,167,B,K,29.88,23.54,0.45,1.34,0.24
KAL,57,B,I,29.88,23.54,0.45,1.34,0.24
KAL,56,B,D,29.88,23.54,0.45,1.34,0.24
KAI,137,B,A,29.54,12.31,0.0,0.0,-0.5
KAI,140,B,N,29.54,12.31,0.0,0.0,-0.5
KAI,141,B,A,29.54,12.31,0.0,0.0,-0.5
KAI,144,B,I,29.54,12.31,0.0,0.0,-0.5
KDU,279,C,R,29.54,12.31,0.0,0.0,-0.52
KAO,87,B,L,29.54,12.31,0.0,0.0,-1.34
KDU,56,C,D,29.54,12.31,0.0,0.0,-0.52
KDU,137,C,A,29.54,12.31,0.0,0.0,-0.52
KDU,140,C,N,29.54,12.31,0.0,0.0,-0.52
KDU,141,C,A,29.54,12.31,0.0,0.0,-0.52
KDU,144,C,I,29.54,12.31,0.0,0.0,-0.52
KDU,267,C,I,29.54,12.31,0.0,0.0,-0.52
KAI,267,B,I,29.54,12.31,0.0,0.0,-0.5
KAI,277,B,I,29.54,12.31,0.0,0.0,-0.5
KAI,56,B,D,29.54,12.31,0.0,0.0,-0.5
KDU,277,C,I,29.54,12.31,0.0,0.0,-0.52
KAO,276,B,I,29.54,12.31,0.0,0.0,-1.34
KCK,276,C,I,29.54,12.31,0.0,0.0,-1.31
KBE,207,B,L,29.54,12.31,0.0,0.0,-0.49
KBE,240,A,E,29.54,12.31,0.0,0.0,-0.49
KCJ,356,B,L,29.54,12.31,0.0,0.0,-0.05
KCJ,355,B,C,29.54,12.31,0.0,0.0,-0.05
KCJ,357,B,T,29.54,12.31,0.0,0.0,-0.05
KCJ,358,B,G,29.54,12.31,0.0,0.0,-0.05
KCK,61,C,M,29.54,12.31,0.0,0.0,-1.31
KCK,87,C,L,29.54,12.31,0.0,0.0,-1.31
KCK,266,C,I,29.54,12.31,0.0,0.0,-1.31
KCK,214,C,F,29.54,12.31,0.0,0.0,-1.31
KDP,425,C,V,29.54,12.31,0.0,0.0,-1.19
KDP,422,C,L,29.54,12.31,0.0,0.0,-1.19
KDP,383,C,L,29.54,12.31,0.0,0.0,-1.19
KDP,376,C,F,29.54,12.31,0.0,0.0,-1.19
KDP,427,C,I,29.54,12.31,0.0,0.0,-1.19
KAV,203,B,L,29.54,12.31,0.0,0.0,-0.55
KAV,175,B,L,29.54,12.31,0.0,0.0,-0.55
KAV,174,B,A,29.54,12.31,0.0,0.0,-0.55
KAV,206,B,Y,29.54,12.31,0.0,0.0,-0.55
KCJ,33,B,L,29.54,12.31,0.0,0.0,-0.05
KCJ,29,B,H,29.54,12.31,0.0,0.0,-0.05
KAV,79,B,Y,29.54,12.31,0.0,0.0,-0.55
KCJ,32,B,K,29.54,12.31,0.0,0.0,-0.05
KCJ,360,B,T,29.54,12.31,0.0,0.0,-0.05
KCK,90,C,I,29.54,12.31,0.0,0.0,-1.31
KBE,239,A,Y,29.54,12.31,0.0,0.0,-0.49
KBE,211,B,L,29.54,12.31,0.0,0.0,-0.49
KBE,208,B,S,29.54,12.31,0.0,0.0,-0.49
KAV,61,B,M,29.54,12.31,0.0,0.0,-0.55
KAV,62,B,I,29.54,12.31,0.0,0.0,-0.55
KAV,63,B,P,29.54,12.31,0.0,0.0,-0.55
KDF,90,A,I,29.54,12.31,0.0,0.0,-1.32
KDF,87,A,L,29.54,12.31,0.0,0.0,-1.32
KDF,61,A,M,29.54,12.31,0.0,0.0,-1.32
KDF,276,A,I,29.54,12.31,0.0,0.0,-1.32
KDF,266,A,I,29.54,12.31,0.0,0.0,-1.32
KDF,214,A,F,29.54,12.31,0.0,0.0,-1.32
KAO,269,B,V,29.54,12.31,0.0,0.0,-1.34
KAO,214,B,F,29.54,12.31,0.0,0.0,-1.34
KAO,266,B,I,29.54,12.31,0.0,0.0,-1.34
KAO,90,B,I,29.54,12.31,0.0,0.0,-1.34
KAI,279,B,R,29.54,12.31,0.0,0.0,-0.5
KAD,424,A,N,28.23,14.69,1.01,2.47,-0.84
KAD,113,B,V,28.23,14.69,1.01,2.47,-0.84
KAD,132,B,V,28.23,14.69,1.01,2.47,-0.84
KAD,425,A,V,28.23,14.69,1.01,2.47,-0.84
KAD,426,A,I,28.23,14.69,1.01,2.47,-0.84
KEF,415,C,T,28.0,18.58,0.39,1.04,-0.12
KEF,413,C,D,28.0,18.58,0.39,1.04,-0.12
KEF,411,C,M,28.0,18.58,0.39,1.04,-0.12
KEF,436,C,V,28.0,18.58,0.39,1.04,-0.12
KEF,435,C,S,28.0,18.58,0.39,1.04,-0.12
KEF,434,C,G,28.0,18.58,0.39,1.04,-0.12
KEF,432,C,Y,28.0,18.58,0.39,1.04,-0.12
KEF,431,C,K,28.0,18.58,0.39,1.04,-0.12
KDJ,38,C,L,27.42,13.18,0.59,1.7,-0.63
KDJ,297,C,L,27.42,13.18,0.59,1.7,-0.63
KDJ,296,C,L,27.42,13.18,0.59,1.7,-0.63
KDJ,298,C,P,27.42,13.18,0.59,1.7,-0.63
KDJ,312,C,V,27.42,13.18,0.59,1.7,-0.63
KDJ,314,C,N,27.42,13.18,0.59,1.7,-0.63
KDJ,310,C,S,27.42,13.18,0.59,1.7,-0.63
KDT,370,B,S,25.67,16.42,0.27,1.34,-0.6
KDT,372,B,H,25.67,16.42,0.27,1.34,-0.6
KDT,345,C,A,25.67,16.42,0.27,1.34,-0.6
KDT,346,C,T,25.67,16.42,0.27,1.34,-0.6
KDT,347,C,P,25.67,16.42,0.27,1.34,-0.6
KDT,367,B,L,25.67,16.42,0.27,1.34,-0.6
KDT,368,B,V,25.67,16.42,0.27,1.34,-0.6
KDT,369,B,V,25.67,16.42,0.27,1.34,-0.6
KDT,373,B,V,25.67,16.42,0.27,1.34,-0.6
KDG,211,A,L,25.48,17.5,0.64,1.7,-0.27
KDG,258,C,E,25.48,17.5,0.64,1.7,-0.27
KDG,257,C,L,25.48,17.5,0.64,1.7,-0.27
KDG,229,C,Q,25.48,17.5,0.64,1.7,-0.27
KDG,212,A,F,25.48,17.5,0.64,1.7,-0.27
KDG,239,C,Y,25.48,17.5,0.64,1.7,-0.27
KEE,112,C,G,23.6,20.52,0.29,1.2,-1.21
KEE,426,B,I,23.6,20.52,0.29,1.2,-1.21
KEE,105,C,V,23.6,20.52,0.29,1.2,-1.21
KEE,114,C,I,23.6,20.52,0.29,1.2,-1.21
KEE,113,C,V,23.6,20.52,0.29,1.2,-1.21
KEE,104,C,L,23.6,20.52,0.29,1.2,-1.21
KAC,432,A,Y,23.4,20.52,0.5,1.7,-0.12
KAC,434,A,G,23.4,20.52,0.5,1.7,-0.12
KAC,413,A,D,23.4,20.52,0.5,1.7,-0.12
KAC,431,A,K,23.4,20.52,0.5,1.7,-0.12
KAC,415,A,T,23.4,20.52,0.5,1.7,-0.12
KAC,411,A,M,23.4,20.52,0.5,1.7,-0.12
KAC,435,A,S,23.4,20.52,0.5,1.7,-0.12
KAC,436,A,V,23.4,20.52,0.5,1.7,-0.12
KDZ,353,C,R,22.83,14.26,0.21,0.85,-0.38
KDZ,369,B,V,22.83,14.26,0.21,0.85,-0.38
KDZ,347,C,P,22.83,14.26,0.21,0.85,-0.38
KDZ,346,C,T,22.83,14.26,0.21,0.85,-0.38
KDZ,324,C,S,22.83,14.26,0.21,0.85,-0.38
KDZ,348,C,M,22.83,14.26,0.21,0.85,-0.38
KDZ,322,C,L,22.83,14.26,0.21,0.85,-0.38
KDZ,323,C,I,22.83,14.26,0.21,0.85,-0.38
KDY,412,C,I,22.56,15.34,0.41,1.2,-0.83
KDY,416,C,T,22.56,15.34,0.41,1.2,-0.83
KDY,411,C,M,22.56,15.34,0.41,1.2,-0.83
KDY,401,C,I,22.56,15.34,0.41,1.2,-0.83
KDY,439,C,N,22.56,15.34,0.41,1.2,-0.83
KDY,410,C,L,22.56,15.34,0.41,1.2,-0.83
KBJ,347,B,P,22.55,13.18,0.36,1.34,0.44
KBJ,366,A,E,22.55,13.18,0.36,1.34,0.44
KBJ,346,B,T,22.55,13.18,0.36,1.34,0.44
KBJ,451,A,T,22.55,13.18,0.36,1.34,0.44
KBJ,452,A,D,22.55,13.18,0.36,1.34,0.44
KBW,206,C,Y,22.04,16.85,0.38,1.34,0.24
KBW,210,C,L,22.04,16.85,0.38,1.34,0.24
KBW,237,C,G,22.04,16.85,0.38,1.34,0.24
KBW,236,C,G,22.04,16.85,0.38,1.34,0.24
KBW,209,C,D,22.04,16.85,0.38,1.34,0.24
KBW,233,C,Q,22.04,16.85,0.38,1.34,0.24
KDQ,421,C,V,21.93,20.74,0.3,1.2,0.29
KDQ,398,C,G,21.93,20.74,0.3,1.2,0.29
KDQ,110,A,L,21.93,20.74,0.3,1.2,0.29
KDQ,393,C,Q,21.93,20.74,0.3,1.2,0.29
KDQ,395,C,Q,21.93,20.74,0.3,1.2,0.29
KDQ,394,C,C,21.93,20.74,0.3,1.2,0.29
KDQ,107,A,D,21.93,20.74,0.3,1.2,0.29
KEB,169,C,V,21.86,9.72,0.33,1.2,0.42
KEB,144,C,I,21.86,9.72,0.33,1.2,0.42
KEB,143,C,N,21.86,9.72,0.33,1.2,0.42
KEB,147,C,L,21.86,9.72,0.33,1.2,0.42
KEB,167,C,K,21.86,9.72,0.33,1.2,0.42
KCY,475,A,K,21.79,11.02,0.27,1.2,-0.28
KCY,474,A,I,21.79,11.02,0.27,1.2,-0.28
KCY,473,B,Y,21.79,11.02,0.27,1.2,-0.28
KCY,471,A,K,21.79,11.02,0.27,1.2,-0.28
KCY,469,B,Q,21.79,11.02,0.27,1.2,-0.28
KCY,470,B,S,21.79,11.02,0.27,1.2,-0.28
KEA,52,C,P,21.48,13.18,0.35,1.2,0.17
KEA,49,C,K,21.48,13.18,0.35,1.2,0.17
KEA,263,C,T,21.48,13.18,0.35,1.2,0.17
KEA,281,C,Y,21.48,13.18,0.35,1.2,0.17
KEA,261,C,S,21.48,13.18,0.35,1.2,0.17
KEA,283,C,P,21.48,13.18,0.35,1.2,0.17
KDW,268,A,Y,21.25,11.88,0.47,1.34,0.02
KDW,94,A,L,21.25,11.88,0.47,1.34,0.02
KDW,91,A,K,21.25,11.88,0.47,1.34,0.02
KDW,269,A,V,21.25,11.88,0.47,1.34,0.02
KDW,98,A,K,21.25,11.88,0.47,1.34,0.02
KDA,124,C,T,19.77,12.1,0.4,1.2,-0.65
KDA,297,B,L,19.77,12.1,0.4,1.2,-0.65
KDA,125,C,A,19.77,12.1,0.4,1.2,-0.65
KDA,376,B,F,19.77,12.1,0.4,1.2,-0.65
KDA,374,B,P,19.77,12.1,0.4,1.2,-0.65
KDA,299,B,V,19.77,12.1,0.4,1.2,-0.65
KDA,298,B,P,19.77,12.1,0.4,1.2,-0.65
KDA,377,B,A,19.77,12.1,0.4,1.2,-0.65
KDL,431,B,K,19.39,17.28,0.4,1.34,-0.06
KAM,273,B,S,19.39,9.94,0.14,0.6,0.41
KAM,152,B,E,19.39,9.94,0.14,0.6,0.41
KDL,432,B,Y,19.39,17.28,0.4,1.34,-0.06
KDL,415,B,T,19.39,17.28,0.4,1.34,-0.06
KAM,62,B,I,19.39,9.94,0.14,0.6,0.41
KAM,60,B,K,19.39,9.94,0.14,0.6,0.41
KAM,64,B,N,19.39,9.94,0.14,0.6,0.41
KAM,63,B,P,19.39,9.94,0.14,0.6,0.41
KDL,411,B,M,19.39,17.28,0.4,1.34,-0.06
KDL,413,B,D,19.39,17.28,0.4,1.34,-0.06
KDL,435,B,S,19.39,17.28,0.4,1.34,-0.06
KDL,434,B,G,19.39,17.28,0.4,1.34,-0.06
KDL,436,B,V,19.39,17.28,0.4,1.34,-0.06
KCH,209,A,D,19.38,11.45,0.31,0.85,0.21
KCH,237,A,G,19.38,11.45,0.31,0.85,0.21
KCH,206,A,Y,19.38,11.45,0.31,0.85,0.21
KCH,233,A,Q,19.38,11.45,0.31,0.85,0.21
KCH,210,A,L,19.38,11.45,0.31,0.85,0.21
KCH,236,A,G,19.38,11.45,0.31,0.85,0.21
KCM,176,C,Q,18.88,10.15,0.51,1.34,-0.27
KCM,235,C,F,18.88,10.15,0.51,1.34,-0.27
KCM,201,A,L,18.88,10.15,0.51,1.34,-0.27
KCM,173,C,T,18.88,10.15,0.51,1.34,-0.27
KCM,157,C,A,18.88,10.15,0.51,1.34,-0.27
KCM,177,C,D,18.88,10.15,0.51,1.34,-0.27
KDI,112,A,G,17.51,11.23,0.32,1.34,-1.02
KDI,426,C,I,17.51,11.23,0.32,1.34,-1.02
KDI,132,A,V,17.51,11.23,0.32,1.34,-1.02
KDI,424,C,N,17.51,11.23,0.32,1.34,-1.02
KDI,113,A,V,17.51,11.23,0.32,1.34,-1.02
KDI,425,C,V,17.51,11.23,0.32,1.34,-1.02
KCS,269,C,V,17.11,8.64,0.37,1.2,0.12
KCS,91,C,K,17.11,8.64,0.37,1.2,0.12
KCS,94,C,L,17.11,8.64,0.37,1.2,0.12
KCS,95,C,E,17.11,8.64,0.37,1.2,0.12
KCS,98,C,K,17.11,8.64,0.37,1.2,0.12
KCS,268,C,Y,17.11,8.64,0.37,1.2,0.12
KDK,299,C,V,15.78,6.48,0.21,0.85,-0.59
KDK,297,C,L,15.78,6.48,0.21,0.85,-0.59
KDK,298,C,P,15.78,6.48,0.21,0.85,-0.59
KDK,124,A,T,15.78,6.48,0.21,0.85,-0.59
KDK,125,A,A,15.78,6.48,0.21,0.85,-0.59
KDK,376,C,F,15.78,6.48,0.21,0.85,-0.59
KDK,377,C,A,15.78,6.48,0.21,0.85,-0.59
KDK,374,C,P,15.78,6.48,0.21,0.85,-0.59
KAB,412,A,I,15.7,8.64,0.3,1.04,-1.2
KAB,411,A,M,15.7,8.64,0.3,1.04,-1.2
KAB,401,A,I,15.7,8.64,0.3,1.04,-1.2
KAB,417,A,C,15.7,8.64,0.3,1.04,-1.2
KAB,416,A,T,15.7,8.64,0.3,1.04,-1.2
KCU,235,C,F,15.06,7.34,0.14,0.6,-0.56
KCU,238,C,N,15.06,7.34,0.14,0.6,-0.56
KCU,201,A,L,15.06,7.34,0.14,0.6,-0.56
KCL,454,B,V,14.94,8.64,0.3,1.2,-0.05
KCL,311,C,I,14.94,8.64,0.3,1.2,-0.05
KCL,457,B,S,14.94,8.64,0.3,1.2,-0.05
KCL,451,C,T,14.94,8.64,0.3,1.2,-0.05
KCL,453,B,K,14.94,8.64,0.3,1.2,-0.05
KAW,248,A,Y,14.86,9.07,0.09,0.6,1.04
KAW,82,B,R,14.86,9.07,0.09,0.6,1.04
KAW,254,A,D,14.86,9.07,0.09,0.6,1.04
KAW,253,A,F,14.86,9.07,0.09,0.6,1.04
KBD,337,B,S,13.36,6.7,0.15,0.6,-0.27
KBD,255,B,D,13.36,6.7,0.15,0.6,-0.27
KBD,334,B,T,13.36,6.7,0.15,0.6,-0.27
KBD,285,B,L,13.36,6.7,0.15,0.6,-0.27
KBD,339,B,I,13.36,6.7,0.15,0.6,-0.27
KBD,47,B,K,13.36,6.7,0.15,0.6,-0.27
KBD,336,B,R,13.36,6.7,0.15,0.6,-0.27
KED,424,B,N,11.35,6.05,0.18,0.85,-0.76
KED,113,C,V,11.35,6.05,0.18,0.85,-0.76
KED,112,C,G,11.35,6.05,0.18,0.85,-0.76
KED,426,B,I,11.35,6.05,0.18,0.85,-0.76
KED,132,C,V,11.35,6.05,0.18,0.85,-0.76
KED,425,B,V,11.35,6.05,0.18,0.85,-0.76
KDE,158,C,V,11.34,5.62,0.18,0.6,-1.09
KDE,200,A,D,11.34,5.62,0.18,0.6,-1.09
KDE,157,C,A,11.34,5.62,0.18,0.6,-1.09
KDE,197,A,L,11.34,5.62,0.18,0.6,-1.09
KDE,201,A,L,11.34,5.62,0.18,0.6,-1.09
