antibody,site,wildtype,mutant,escape_mean,escape_std,times_seen_ab,effect,min_mutations,max_escape_site,max_escape_antibody,sum_escape_site,sum_escape_antibody,retain,wildtype_site,clip,color
12B2,155,N,A,1.78,0.094,6.5,-0.402,2,2.628,3.357,30.3,30.3,True,N155,-0.402,#0a7533
12B2,155,N,D,1.934,0.437,3.0,-1.512,1,2.628,3.357,30.3,30.3,True,N155,-1.512,#99d594
12B2,155,N,E,2.064,0.224,7.5,-1.085,2,2.628,3.357,30.3,30.3,True,N155,-1.085,#59b769
12B2,155,N,F,1.657,0.071,3.5,-1.233,2,2.628,3.357,30.3,30.3,True,N155,-1.233,#71c274
12B2,155,N,G,2.187,0.166,4.5,-0.237,2,2.628,3.357,30.3,30.3,True,N155,-0.237,#006227
12B2,155,N,H,2.155,0.321,7.5,-0.325,1,2.628,3.357,30.3,30.3,True,N155,-0.325,#016e2c
12B2,155,N,I,2.527,0.66,4.0,-0.551,1,2.628,3.357,30.3,30.3,True,N155,-0.551,#1a833e
12B2,155,N,K,2.628,0.9,8.0,-0.178,1,2.628,3.357,30.3,30.3,True,N155,-0.178,#005b24
12B2,155,N,L,1.555,0.171,5.5,-0.79,2,2.628,3.357,30.3,30.3,True,N155,-0.79,#329b51
12B2,155,N,M,1.954,0.358,6.0,-0.173,2,2.628,3.357,30.3,30.3,True,N155,-0.173,#005924
12B2,155,N,Q,1.646,0.54,5.0,-0.098,2,2.628,3.357,30.3,30.3,True,N155,-0.098,#005020
12B2,155,N,R,2.115,0.014,7.0,-0.551,2,2.628,3.357,30.3,30.3,True,N155,-0.551,#1a833e
12B2,155,N,S,1.385,0.052,6.5,-0.236,1,2.628,3.357,30.3,30.3,True,N155,-0.236,#006227
12B2,155,N,T,0.4,0.424,5.5,-0.077,1,2.628,3.357,30.3,30.3,True,N155,-0.077,#004d1e
12B2,155,N,V,1.572,0.373,3.5,-1.252,2,2.628,3.357,30.3,30.3,True,N155,-1.252,#74c476
12B2,155,N,W,2.054,0.044,4.5,-1.41,3,2.628,3.357,30.3,30.3,True,N155,-1.41,#8bce89
12B2,155,N,Y,0.687,1.055,4.0,-0.195,1,2.628,3.357,30.3,30.3,True,N155,-0.195,#005c25
12B2,156,E,A,1.728,0.026,7.0,-0.424,1,2.264,3.357,28.608,30.3,True,E156,-0.424,#0c7734
12B2,156,E,C,1.935,0.325,7.5,-0.596,3,2.264,3.357,28.608,30.3,True,E156,-0.596,#1f8842
12B2,156,E,D,1.09,0.103,8.0,-0.351,1,2.264,3.357,28.608,30.3,True,E156,-0.351,#036f2e
12B2,156,E,F,2.002,0.08,7.5,-0.333,3,2.264,3.357,28.608,30.3,True,E156,-0.333,#026f2d
12B2,156,E,G,1.316,0.164,5.0,-1.322,1,2.264,3.357,28.608,30.3,True,E156,-1.322,#7ec87e
12B2,156,E,H,1.121,0.281,7.0,-0.359,2,2.264,3.357,28.608,30.3,True,E156,-0.359,#04702f
12B2,156,E,I,1.882,0.236,6.0,0.008,2,2.264,3.357,28.608,30.3,True,E156,0.0,#00441b
12B2,156,E,K,1.242,0.398,8.5,-0.753,1,2.264,3.357,28.608,30.3,True,E156,-0.753,#2f984e
12B2,156,E,L,2.264,0.354,7.5,-0.123,2,2.264,3.357,28.608,30.3,True,E156,-0.123,#005321
12B2,156,E,M,1.652,0.026,9.0,-0.183,3,2.264,3.357,28.608,30.3,True,E156,-0.183,#005b24
12B2,156,E,N,1.852,0.006,5.0,-0.325,2,2.264,3.357,28.608,30.3,True,E156,-0.325,#016e2c
12B2,156,E,Q,0.347,0.258,5.5,-0.458,1,2.264,3.357,28.608,30.3,True,E156,-0.458,#0f7a37
12B2,156,E,R,1.913,0.405,5.5,-0.331,2,2.264,3.357,28.608,30.3,True,E156,-0.331,#016e2c
12B2,156,E,S,1.762,0.059,7.0,-0.32,2,2.264,3.357,28.608,30.3,True,E156,-0.32,#006d2c
12B2,156,E,T,1.794,0.172,5.5,0.009,2,2.264,3.357,28.608,30.3,True,E156,0.0,#00441b
12B2,156,E,V,1.567,0.128,4.5,0.081,1,2.264,3.357,28.608,30.3,True,E156,0.0,#00441b
12B2,156,E,W,0.956,0.935,4.0,-1.422,3,2.264,3.357,28.608,30.3,True,E156,-1.422,#8ccf8a
12B2,156,E,Y,2.185,0.217,5.5,-0.44,2,2.264,3.357,28.608,30.3,True,E156,-0.44,#0e7936
12B2,159,V,A,0.978,0.039,7.5,-0.026,1,3.357,3.357,19.001,30.3,True,V159,-0.026,#00461c
12B2,159,V,C,1.032,0.481,9.0,-0.275,2,3.357,3.357,19.001,30.3,True,V159,-0.275,#006829
12B2,159,V,D,1.637,0.227,5.0,-0.712,1,3.357,3.357,19.001,30.3,True,V159,-0.712,#2a934b
12B2,159,V,E,1.032,0.218,4.5,-0.01,2,3.357,3.357,19.001,30.3,True,V159,-0.01,#00451b
12B2,159,V,F,1.017,0.122,7.0,-0.37,1,3.357,3.357,19.001,30.3,True,V159,-0.37,#057130
12B2,159,V,G,1.254,0.013,3.0,-0.8,1,3.357,3.357,19.001,30.3,True,V159,-0.8,#339c51
12B2,159,V,H,2.435,0.088,5.0,0.0,2,3.357,3.357,19.001,30.3,True,V159,0.0,#00441b
12B2,159,V,K,1.839,0.244,5.5,-0.458,3,3.357,3.357,19.001,30.3,True,V159,-0.458,#0f7a37
12B2,159,V,Q,1.168,0.17,3.0,-0.032,3,3.357,3.357,19.001,30.3,True,V159,-0.032,#00471c
12B2,159,V,R,3.357,1.146,5.0,-0.143,2,3.357,3.357,19.001,30.3,True,V159,-0.143,#005622
12B2,159,V,S,0.702,0.05,7.0,-0.186,2,3.357,3.357,19.001,30.3,True,V159,-0.186,#005c25
12B2,159,V,W,2.215,0.192,4.5,-0.33,3,3.357,3.357,19.001,30.3,True,V159,-0.33,#016e2c
12B2,191,S,C,1.08,0.318,6.5,-0.693,1,2.447,3.357,28.021,30.3,True,S191,-0.693,#289149
12B2,191,S,D,2.447,0.02,4.0,-0.046,2,2.447,3.357,28.021,30.3,True,S191,-0.046,#00491d
12B2,191,S,E,2.121,0.209,6.5,-0.07,3,2.447,3.357,28.021,30.3,True,S191,-0.07,#004d1e
12B2,191,S,F,2.154,0.276,6.0,-0.16,2,2.447,3.357,28.021,30.3,True,S191,-0.16,#005823
12B2,191,S,H,1.534,0.157,5.0,0.14,2,2.447,3.357,28.021,30.3,True,S191,0.0,#00441b
12B2,191,S,I,1.392,0.171,6.0,-0.88,1,2.447,3.357,28.021,30.3,True,S191,-0.88,#3ba558
12B2,191,S,K,2.217,0.282,6.5,0.341,2,2.447,3.357,28.021,30.3,True,S191,0.0,#00441b
12B2,191,S,L,2.114,0.129,6.0,-0.215,2,2.447,3.357,28.021,30.3,True,S191,-0.215,#006026
12B2,191,S,M,1.637,1.002,3.5,0.123,2,2.447,3.357,28.021,30.3,True,S191,0.0,#00441b
12B2,191,S,Q,1.725,0.266,6.0,0.256,3,2.447,3.357,28.021,30.3,True,S191,0.0,#00441b
12B2,191,S,R,2.301,0.2,3.5,0.078,1,2.447,3.357,28.021,30.3,True,S191,0.0,#00441b
12B2,191,S,T,1.502,0.051,3.5,0.274,1,2.447,3.357,28.021,30.3,True,S191,0.0,#00441b
12B2,191,S,V,1.168,0.203,8.0,-0.438,2,2.447,3.357,28.021,30.3,True,S191,-0.438,#0d7835
12B2,191,S,W,2.086,0.209,7.5,-0.391,2,2.447,3.357,28.021,30.3,True,S191,-0.391,#087432
12B2,191,S,Y,2.314,0.215,8.0,-0.338,2,2.447,3.357,28.021,30.3,True,S191,-0.338,#026f2d
12B2,193,K,A,1.517,0.059,7.0,-0.27,2,2.657,3.357,13.002,30.3,True,K193,-0.27,#006629
12B2,193,K,C,1.361,0.195,8.5,-0.259,3,2.657,3.357,13.002,30.3,True,K193,-0.259,#006528
12B2,193,K,D,2.657,0.21,4.5,-0.428,2,2.657,3.357,13.002,30.3,True,K193,-0.428,#0c7734
12B2,193,K,E,1.406,0.13,8.5,-0.526,1,2.657,3.357,13.002,30.3,True,K193,-0.526,#17803c
12B2,193,K,G,1.81,0.106,6.5,-0.181,2,2.657,3.357,13.002,30.3,True,K193,-0.181,#005b24
12B2,193,K,S,1.417,0.136,6.0,-0.341,2,2.657,3.357,13.002,30.3,True,K193,-0.341,#026f2d
12B2,193,K,T,1.48,0.022,7.5,-0.024,1,2.657,3.357,13.002,30.3,True,K193,-0.024,#00461c
12B2,196,E,A,0.711,0.05,5.0,-0.353,1,1.859,3.357,16.235,30.3,True,E196,-0.353,#04702f
12B2,196,E,C,1.36,0.119,4.0,0.147,3,1.859,3.357,16.235,30.3,True,E196,0.0,#00441b
12B2,196,E,F,1.303,0.003,6.0,-0.686,3,1.859,3.357,16.235,30.3,True,E196,-0.686,#289149
12B2,196,E,H,0.555,0.031,4.5,-0.4,2,1.859,3.357,16.235,30.3,True,E196,-0.4,#087432
12B2,196,E,I,1.137,0.138,4.0,-0.669,2,1.859,3.357,16.235,30.3,True,E196,-0.669,#278f48
12B2,196,E,K,1.481,0.021,9.0,-0.093,1,1.859,3.357,16.235,30.3,True,E196,-0.093,#004f1f
12B2,196,E,L,1.175,0.016,5.5,-0.788,2,1.859,3.357,16.235,30.3,True,E196,-0.788,#329b51
12B2,196,E,M,0.694,0.128,9.5,-0.415,3,1.859,3.357,16.235,30.3,True,E196,-0.415,#0b7633
12B2,196,E,N,0.658,0.221,3.0,-1.887,2,1.859,3.357,16.235,30.3,True,E196,-1.887,#c8e9c1
12B2,196,E,Q,0.587,0.196,4.5,0.143,1,1.859,3.357,16.235,30.3,True,E196,0.0,#00441b
12B2,196,E,R,1.201,0.169,3.5,-0.464,2,1.859,3.357,16.235,30.3,True,E196,-0.464,#107b37
12B2,196,E,T,1.131,0.194,3.5,-0.172,2,1.859,3.357,16.235,30.3,True,E196,-0.172,#005924
12B2,196,E,V,1.265,0.07,3.5,-0.621,1,1.859,3.357,16.235,30.3,True,E196,-0.621,#228a44
12B2,196,E,W,1.859,0.599,5.5,-1.182,3,1.859,3.357,16.235,30.3,True,E196,-1.182,#69be70
12B2,196,E,Y,0.889,0.126,5.5,-0.278,2,1.859,3.357,16.235,30.3,True,E196,-0.278,#006829
2D3,160,K,A,0.982,0.035,6.0,-0.556,2,1.39,2.495,13.076,22.503,True,K160,-0.556,#1a833e
2D3,160,K,C,0.759,0.036,4.5,-0.831,3,1.39,2.495,13.076,22.503,True,K160,-0.831,#37a055
2D3,160,K,E,1.309,0.41,6.0,-0.966,1,1.39,2.495,13.076,22.503,True,K160,-0.966,#44ac5e
2D3,160,K,F,0.665,0.083,4.5,-1.13,3,1.39,2.495,13.076,22.503,True,K160,-1.13,#60ba6c
2D3,160,K,G,0.271,0.03,2.5,-1.731,2,1.39,2.495,13.076,22.503,True,K160,-1.731,#b6e1af
2D3,160,K,H,0.464,0.332,5.0,-0.829,2,1.39,2.495,13.076,22.503,True,K160,-0.829,#369f54
2D3,160,K,I,0.965,0.253,5.0,-0.457,1,1.39,2.495,13.076,22.503,True,K160,-0.457,#0f7a37
2D3,160,K,L,0.832,0.161,5.0,-0.696,2,1.39,2.495,13.076,22.503,True,K160,-0.696,#29924a
2D3,160,K,M,0.636,0.162,7.0,-0.498,2,1.39,2.495,13.076,22.503,True,K160,-0.498,#137e3a
2D3,160,K,N,0.663,0.108,8.5,-0.797,1,1.39,2.495,13.076,22.503,True,K160,-0.797,#339c51
2D3,160,K,Q,0.834,0.172,6.0,-0.757,1,1.39,2.495,13.076,22.503,True,K160,-0.757,#2f984e
2D3,160,K,R,0.331,0.038,10.0,-0.064,1,1.39,2.495,13.076,22.503,True,K160,-0.064,#004b1e
2D3,160,K,S,0.689,0.11,6.0,-0.812,2,1.39,2.495,13.076,22.503,True,K160,-0.812,#359e53
2D3,160,K,T,0.604,0.024,5.5,-0.217,1,1.39,2.495,13.076,22.503,True,K160,-0.217,#006026
2D3,160,K,V,1.39,0.116,5.5,-0.619,2,1.39,2.495,13.076,22.503,True,K160,-0.619,#228a44
2D3,160,K,W,0.749,0.155,4.5,-1.268,3,1.39,2.495,13.076,22.503,True,K160,-1.268,#76c477
2D3,160,K,Y,0.727,0.0,6.0,-0.732,2,1.39,2.495,13.076,22.503,True,K160,-0.732,#2c954c
2D3,162,Q,A,1.468,0.029,2.5,-0.312,2,2.189,2.495,22.503,22.503,True,Q162,-0.312,#006b2b
2D3,162,Q,C,1.235,0.478,4.5,-1.489,3,2.189,2.495,22.503,22.503,True,Q162,-1.489,#96d492
2D3,162,Q,E,1.921,0.014,3.0,-1.155,1,2.189,2.495,22.503,22.503,True,Q162,-1.155,#64bc6e
2D3,162,Q,F,0.772,0.449,4.0,-1.028,3,2.189,2.495,22.503,22.503,True,Q162,-1.028,#50b264
2D3,162,Q,G,1.572,0.52,6.0,-0.68,2,2.189,2.495,22.503,22.503,True,Q162,-0.68,#279048
2D3,162,Q,H,1.658,0.332,7.0,-0.159,1,2.189,2.495,22.503,22.503,True,Q162,-0.159,#005823
2D3,162,Q,K,1.29,0.772,3.5,-1.018,1,2.189,2.495,22.503,22.503,True,Q162,-1.018,#4eb163
2D3,162,Q,L,1.241,0.429,8.0,-0.952,1,2.189,2.495,22.503,22.503,True,Q162,-0.952,#43ac5e
2D3,162,Q,M,1.098,0.629,7.5,-0.696,3,2.189,2.495,22.503,22.503,True,Q162,-0.696,#29924a
2D3,162,Q,R,1.581,0.317,5.0,-0.659,1,2.189,2.495,22.503,22.503,True,Q162,-0.659,#268e47
2D3,162,Q,S,0.919,0.782,5.0,-0.177,2,2.189,2.495,22.503,22.503,True,Q162,-0.177,#005b24
2D3,162,Q,T,2.149,0.539,5.0,-1.023,2,2.189,2.495,22.503,22.503,True,Q162,-1.023,#4eb163
2D3,162,Q,V,1.879,0.898,4.5,-0.319,2,2.189,2.495,22.503,22.503,True,Q162,-0.319,#006d2c
2D3,162,Q,W,1.531,0.282,5.5,-0.461,3,2.189,2.495,22.503,22.503,True,Q162,-0.461,#107b37
2D3,162,Q,Y,2.189,0.166,6.5,-0.414,2,2.189,2.495,22.503,22.503,True,Q162,-0.414,#0b7633
2D3,163,E,D,0.935,0.194,8.0,-0.31,1,1.37,2.495,8.712,22.503,True,E163,-0.31,#006b2b
2D3,163,E,G,0.975,0.0,4.0,-0.239,1,1.37,2.495,8.712,22.503,True,E163,-0.239,#006227
2D3,163,E,H,0.813,0.146,7.0,-0.149,2,1.37,2.495,8.712,22.503,True,E163,-0.149,#005723
2D3,163,E,I,0.819,0.04,2.5,-1.921,3,1.37,2.495,8.712,22.503,True,E163,-1.921,#cbeac4
2D3,163,E,K,0.444,0.263,6.5,-0.548,1,1.37,2.495,8.712,22.503,True,E163,-0.548,#1a833e
2D3,163,E,N,1.044,0.001,3.5,-0.115,2,1.37,2.495,8.712,22.503,True,E163,-0.115,#005220
2D3,163,E,Q,0.321,0.052,8.0,0.063,1,1.37,2.495,8.712,22.503,True,E163,0.0,#00441b
2D3,163,E,R,0.68,0.045,6.5,-0.336,2,1.37,2.495,8.712,22.503,True,E163,-0.336,#026f2d
2D3,163,E,S,0.478,0.069,5.5,-0.293,2,1.37,2.495,8.712,22.503,True,E163,-0.293,#006a2b
2D3,163,E,T,1.37,0.305,6.0,-0.117,2,1.37,2.495,8.712,22.503,True,E163,-0.117,#005220
2D3,163,E,V,0.6,0.244,6.0,-1.696,1,1.37,2.495,8.712,22.503,True,E163,-1.696,#b1dfaa
2D3,164,T,A,1.665,0.225,4.5,-0.312,1,1.704,2.495,16.826,22.503,True,T164,-0.312,#006b2b
2D3,164,T,E,0.524,0.032,2.5,-1.947,3,1.704,2.495,16.826,22.503,True,T164,-1.947,#ceebc7
2D3,164,T,F,1.037,0.097,7.0,-0.84,2,1.704,2.495,16.826,22.503,True,T164,-0.84,#37a155
2D3,164,T,G,0.884,0.09,6.5,-0.007,2,1.704,2.495,16.826,22.503,True,T164,-0.007,#00441b
2D3,164,T,H,0.897,0.079,6.0,-0.092,2,1.704,2.495,16.826,22.503,True,T164,-0.092,#004f1f
2D3,164,T,I,1.091,0.892,5.0,-0.716,1,1.704,2.495,16.826,22.503,True,T164,-0.716,#2b944b
2D3,164,T,K,1.364,0.327,8.5,-1.001,2,1.704,2.495,16.826,22.503,True,T164,-1.001,#4bb061
2D3,164,T,L,1.434,0.358,6.0,-0.487,2,1.704,2.495,16.826,22.503,True,T164,-0.487,#127d39
2D3,164,T,M,1.51,0.301,3.5,-0.206,2,1.704,2.495,16.826,22.503,True,T164,-0.206,#005f26
2D3,164,T,Q,1.28,0.303,5.5,-0.064,3,1.704,2.495,16.826,22.503,True,T164,-0.064,#004b1e
2D3,164,T,S,0.525,0.003,8.5,-0.317,1,1.704,2.495,16.826,22.503,True,T164,-0.317,#006d2c
2D3,164,T,V,1.297,0.417,4.5,-0.325,2,1.704,2.495,16.826,22.503,True,T164,-0.325,#016e2c
2D3,164,T,W,1.704,0.097,3.5,-0.851,3,1.704,2.495,16.826,22.503,True,T164,-0.851,#38a256
2D3,164,T,Y,1.444,0.282,8.0,-0.291,2,1.704,2.495,16.826,22.503,True,T164,-0.291,#00692a
2D3,165,A,E,0.845,0.155,3.0,-1.387,1,2.495,2.495,12.665000000000001,22.503,True,A165,-1.387,#88cd86
2D3,165,A,F,0.913,0.101,4.0,-0.701,3,2.495,2.495,12.665000000000001,22.503,True,A165,-0.701,#29924a
2D3,165,A,G,0.667,0.01,3.5,-0.834,1,2.495,2.495,12.665000000000001,22.503,True,A165,-0.834,#37a055
2D3,165,A,I,1.492,0.259,4.5,-0.031,2,2.495,2.495,12.665000000000001,22.503,True,A165,-0.031,#00471c
2D3,165,A,L,2.495,0.572,5.5,-0.629,2,2.495,2.495,12.665000000000001,22.503,True,A165,-0.629,#238b45
2D3,165,A,M,1.35,0.346,5.5,-0.153,3,2.495,2.495,12.665000000000001,22.503,True,A165,-0.153,#005723
2D3,165,A,Q,1.207,0.267,5.5,0.194,2,2.495,2.495,12.665000000000001,22.503,True,A165,0.0,#00441b
2D3,165,A,T,1.169,0.482,7.0,-0.233,1,2.495,2.495,12.665000000000001,22.503,True,A165,-0.233,#006127
2D3,165,A,V,1.35,0.296,8.5,-0.251,1,2.495,2.495,12.665000000000001,22.503,True,A165,-0.251,#006428
2D3,165,A,Y,0.812,0.066,5.0,-0.343,3,2.495,2.495,12.665000000000001,22.503,True,A165,-0.343,#036f2e
2D3,167,K,A,0.68,0.149,2.5,-0.814,2,1.325,2.495,5.769,22.503,True,K167,-0.814,#359e53
2D3,167,K,F,0.378,0.068,5.0,-2.478,3,1.325,2.495,5.769,22.503,True,K167,-2.0,#d3edcc
2D3,167,K,G,1.325,0.29,2.5,-1.479,2,1.325,2.495,5.769,22.503,True,K167,-1.479,#95d391
2D3,167,K,M,0.46,0.095,5.5,-1.564,1,1.325,2.495,5.769,22.503,True,K167,-1.564,#a1d99b
2D3,167,K,Q,0.439,0.025,4.5,-0.879,1,1.325,2.495,5.769,22.503,True,K167,-0.879,#3ba558
2D3,167,K,T,0.306,0.154,6.0,-0.755,1,1.325,2.495,5.769,22.503,True,K167,-0.755,#2f984e
2D3,167,K,W,0.582,0.267,4.5,-2.092,2,1.325,2.495,5.769,22.503,True,K167,-2.0,#d3edcc
2D3,167,K,Y,0.785,0.108,2.0,-0.788,2,1.325,2.495,5.769,22.503,True,K167,-0.788,#329b51
2D3,168,T,A,1.733,0.118,5.0,-0.315,1,2.184,2.495,21.813000000000002,22.503,True,T168,-0.315,#006d2c
2D3,168,T,E,1.198,0.222,3.5,-2.046,2,2.184,2.495,21.813000000000002,22.503,True,T168,-2.0,#d3edcc
2D3,168,T,F,2.09,1.291,6.0,-0.551,3,2.184,2.495,21.813000000000002,22.503,True,T168,-0.551,#1a833e
2D3,168,T,G,1.727,0.244,5.0,-1.527,2,2.184,2.495,21.813000000000002,22.503,True,T168,-1.527,#9cd697
2D3,168,T,H,2.184,0.431,4.5,-0.44,3,2.184,2.495,21.813000000000002,22.503,True,T168,-0.44,#0e7936
2D3,168,T,I,1.154,0.453,8.0,-0.992,1,2.184,2.495,21.813000000000002,22.503,True,T168,-0.992,#49af61
2D3,168,T,K,0.593,0.633,2.5,-2.382,1,2.184,2.495,21.813000000000002,22.503,True,T168,-2.0,#d3edcc
2D3,168,T,L,1.368,0.38,4.0,-1.43,2,2.184,2.495,21.813000000000002,22.503,True,T168,-1.43,#8ed08b
2D3,168,T,M,2.154,0.304,4.5,-0.093,2,2.184,2.495,21.813000000000002,22.503,True,T168,-0.093,#004f1f
2D3,168,T,N,1.514,0.479,4.0,-0.427,2,2.184,2.495,21.813000000000002,22.503,True,T168,-0.427,#0c7734
2D3,168,T,S,1.133,0.035,4.5,-0.46,1,2.184,2.495,21.813000000000002,22.503,True,T168,-0.46,#107b37
2D3,168,T,V,2.149,0.519,5.5,-0.6,2,2.184,2.495,21.813000000000002,22.503,True,T168,-0.6,#1f8842
2D3,168,T,W,1.222,0.353,3.0,-1.436,3,2.184,2.495,21.813000000000002,22.503,True,T168,-1.436,#8fd08c
2D3,168,T,Y,1.594,0.639,6.5,-0.656,3,2.184,2.495,21.813000000000002,22.503,True,T168,-0.656,#268e47
2D3,169,V,C,0.488,0.335,3.0,-0.71,2,2.056,2.495,6.902,22.503,True,V169,-0.71,#2a934b
2D3,169,V,F,2.056,0.318,4.0,-0.021,1,2.056,2.495,6.902,22.503,True,V169,-0.021,#00461c
2D3,169,V,H,0.493,0.013,5.0,-1.128,2,2.056,2.495,6.902,22.503,True,V169,-1.128,#60ba6c
2D3,169,V,L,0.322,0.013,14.0,-0.226,1,2.056,2.495,6.902,22.503,True,V169,-0.226,#006127
2D3,169,V,M,0.367,0.032,7.0,-0.493,2,2.056,2.495,6.902,22.503,True,V169,-0.493,#137e3a
2D3,169,V,T,0.556,0.076,3.5,-0.376,2,2.056,2.495,6.902,22.503,True,V169,-0.376,#067230
2D3,169,V,W,1.054,0.384,3.0,-1.928,3,2.056,2.495,6.902,22.503,True,V169,-1.928,#ccebc5
2D3,169,V,Y,0.943,0.206,4.5,-0.57,2,2.056,2.495,6.902,22.503,True,V169,-0.57,#1c8540
4H3,65,V,A,0.745,0.066,3.5,-0.723,1,3.337,3.337,16.709,27.462,True,V65,-0.723,#2c954c
4H3,65,V,D,3.337,1.637,5.0,-0.376,2,3.337,3.337,16.709,27.462,True,V65,-0.376,#067230
4H3,65,V,E,0.803,0.263,4.0,-1.214,1,3.337,3.337,16.709,27.462,True,V65,-1.214,#6ec173
4H3,65,V,F,1.327,0.433,3.0,-1.357,2,3.337,3.337,16.709,27.462,True,V65,-1.357,#82ca82
4H3,65,V,H,1.588,0.102,4.5,-0.634,3,3.337,3.337,16.709,27.462,True,V65,-0.634,#238b45
4H3,65,V,L,0.472,0.29,4.0,-0.211,1,3.337,3.337,16.709,27.462,True,V65,-0.211,#005f26
4H3,65,V,N,1.348,0.154,2.5,-0.594,3,3.337,3.337,16.709,27.462,True,V65,-0.594,#1e8742
4H3,65,V,P,0.344,0.0,5.5,-0.084,2,3.337,3.337,16.709,27.462,True,V65,-0.084,#004e1f
4H3,65,V,Q,0.896,0.0,5.0,-1.841,2,3.337,3.337,16.709,27.462,True,V65,-1.841,#c3e7bc
4H3,65,V,S,0.861,0.067,8.0,0.07,2,3.337,3.337,16.709,27.462,True,V65,0.0,#00441b
4H3,65,V,T,0.756,0.048,6.5,-0.08,2,3.337,3.337,16.709,27.462,True,V65,-0.08,#004e1f
4H3,65,V,W,1.599,0.215,4.5,-1.144,2,3.337,3.337,16.709,27.462,True,V65,-1.144,#63bb6d
4H3,65,V,Y,2.078,0.177,5.5,-0.108,3,3.337,3.337,16.709,27.462,True,V65,-0.108,#005220
4H3,69,S,D,2.536,1.143,4.5,0.244,2,2.536,3.337,15.887,27.462,True,S69,0.0,#00441b
4H3,69,S,E,1.749,0.277,6.5,0.233,3,2.536,3.337,15.887,27.462,True,S69,0.0,#00441b
4H3,69,S,F,1.383,0.024,3.5,0.324,1,2.536,3.337,15.887,27.462,True,S69,0.0,#00441b
4H3,69,S,H,0.818,0.043,4.0,0.074,2,2.536,3.337,15.887,27.462,True,S69,0.0,#00441b
4H3,69,S,I,1.169,0.233,7.5,-0.418,2,2.536,3.337,15.887,27.462,True,S69,-0.418,#0b7633
4H3,69,S,K,1.364,0.097,7.0,-0.086,3,2.536,3.337,15.887,27.462,True,S69,-0.086,#004e1f
4H3,69,S,L,0.94,0.6,2.0,-0.488,2,2.536,3.337,15.887,27.462,True,S69,-0.488,#127d39
4H3,69,S,R,0.592,0.029,6.0,0.253,2,2.536,3.337,15.887,27.462,True,S69,0.0,#00441b
4H3,69,S,T,1.388,0.092,6.0,-0.335,1,2.536,3.337,15.887,27.462,True,S69,-0.335,#026f2d
4H3,69,S,V,1.598,0.238,6.0,-0.013,2,2.536,3.337,15.887,27.462,True,S69,-0.013,#00451b
4H3,69,S,W,0.994,0.2,6.5,-0.313,2,2.536,3.337,15.887,27.462,True,S69,-0.313,#006d2c
4H3,69,S,Y,0.895,0.006,5.0,0.372,1,2.536,3.337,15.887,27.462,True,S69,0.0,#00441b
4H3,70,Q,A,1.972,0.201,4.0,-0.279,2,3.006,3.337,27.462,27.462,True,Q70,-0.279,#006829
4H3,70,Q,D,2.657,0.468,5.0,-0.258,2,3.006,3.337,27.462,27.462,True,Q70,-0.258,#006528
4H3,70,Q,F,2.13,0.072,5.0,0.086,3,3.006,3.337,27.462,27.462,True,Q70,0.0,#00441b
4H3,70,Q,H,1.66,0.293,6.5,0.061,1,3.006,3.337,27.462,27.462,True,Q70,0.0,#00441b
4H3,70,Q,I,1.167,0.426,3.5,-0.381,3,3.006,3.337,27.462,27.462,True,Q70,-0.381,#077331
4H3,70,Q,K,3.006,1.183,5.5,0.14,1,3.006,3.337,27.462,27.462,True,Q70,0.0,#00441b
4H3,70,Q,L,1.725,0.151,5.5,-0.193,1,3.006,3.337,27.462,27.462,True,Q70,-0.193,#005c25
4H3,70,Q,M,1.339,0.41,3.0,-0.151,2,3.006,3.337,27.462,27.462,True,Q70,-0.151,#005723
4H3,70,Q,N,2.867,0.346,4.0,-0.041,2,3.006,3.337,27.462,27.462,True,Q70,-0.041,#00491d
4H3,70,Q,P,1.269,0.032,8.0,-0.159,1,3.006,3.337,27.462,27.462,True,Q70,-0.159,#005823
4H3,70,Q,R,1.808,0.295,4.5,0.035,1,3.006,3.337,27.462,27.462,True,Q70,0.0,#00441b
4H3,70,Q,T,0.576,0.0,3.0,-0.363,2,3.006,3.337,27.462,27.462,True,Q70,-0.363,#057130
4H3,70,Q,V,1.602,0.285,6.5,-0.04,2,3.006,3.337,27.462,27.462,True,Q70,-0.04,#00491d
4H3,70,Q,W,1.65,0.046,8.5,-0.179,2,3.006,3.337,27.462,27.462,True,Q70,-0.179,#005b24
4H3,70,Q,Y,2.034,0.336,4.5,0.061,2,3.006,3.337,27.462,27.462,True,Q70,0.0,#00441b
4H3,72,T,D,1.856,0.0,8.0,-0.666,3,1.869,3.337,18.834,27.462,True,T72,-0.666,#278f48
4H3,72,T,E,1.607,0.216,6.0,-0.548,2,1.869,3.337,18.834,27.462,True,T72,-0.548,#1a833e
4H3,72,T,F,1.869,0.356,5.0,-0.36,3,1.869,3.337,18.834,27.462,True,T72,-0.36,#04702f
4H3,72,T,G,1.521,0.065,4.5,-0.147,2,1.869,3.337,18.834,27.462,True,T72,-0.147,#005723
4H3,72,T,H,1.759,0.196,4.0,-0.118,3,1.869,3.337,18.834,27.462,True,T72,-0.118,#005321
4H3,72,T,I,0.745,0.224,8.0,0.263,1,1.869,3.337,18.834,27.462,True,T72,0.0,#00441b
4H3,72,T,M,0.969,0.423,4.5,-0.36,2,1.869,3.337,18.834,27.462,True,T72,-0.36,#04702f
4H3,72,T,N,1.669,0.334,7.5,-0.381,2,1.869,3.337,18.834,27.462,True,T72,-0.381,#077331
4H3,72,T,P,1.505,0.114,4.5,-0.557,1,1.869,3.337,18.834,27.462,True,T72,-0.557,#1b843f
4H3,72,T,Q,1.862,0.154,5.0,0.137,2,1.869,3.337,18.834,27.462,True,T72,0.0,#00441b
4H3,72,T,R,1.559,0.0,6.0,0.205,1,1.869,3.337,18.834,27.462,True,T72,0.0,#00441b
4H3,72,T,W,1.789,0.44,5.5,0.021,3,1.869,3.337,18.834,27.462,True,T72,0.0,#00441b
4H3,72,T,Y,1.403,0.284,5.5,-0.285,3,1.869,3.337,18.834,27.462,True,T72,-0.285,#00692a
4H3,73,G,A,0.545,0.209,5.5,-0.128,1,2.176,3.337,22.603,27.462,True,G73,-0.128,#005421
4H3,73,G,C,0.942,0.295,14.5,-0.558,2,2.176,3.337,22.603,27.462,True,G73,-0.558,#1b843f
4H3,73,G,D,0.821,0.185,9.5,-0.122,2,2.176,3.337,22.603,27.462,True,G73,-0.122,#005321
4H3,73,G,E,1.372,0.269,5.0,-0.447,1,2.176,3.337,22.603,27.462,True,G73,-0.447,#0e7936
4H3,73,G,F,1.407,0.48,3.5,-0.152,3,2.176,3.337,22.603,27.462,True,G73,-0.152,#005723
4H3,73,G,H,0.834,0.197,6.0,-0.419,3,2.176,3.337,22.603,27.462,True,G73,-0.419,#0b7633
4H3,73,G,I,2.176,0.192,4.0,0.168,3,2.176,3.337,22.603,27.462,True,G73,0.0,#00441b
4H3,73,G,K,1.124,0.008,7.0,-0.199,2,2.176,3.337,22.603,27.462,True,G73,-0.199,#005d25
4H3,73,G,L,1.511,0.134,7.5,-0.133,2,2.176,3.337,22.603,27.462,True,G73,-0.133,#005421
4H3,73,G,M,1.617,0.077,4.5,-0.191,2,2.176,3.337,22.603,27.462,True,G73,-0.191,#005c25
4H3,73,G,N,0.622,0.005,6.0,0.001,3,2.176,3.337,22.603,27.462,True,G73,0.0,#00441b
4H3,73,G,P,1.978,0.186,3.5,-0.302,2,2.176,3.337,22.603,27.462,True,G73,-0.302,#006a2b
4H3,73,G,Q,1.0,0.134,4.5,-0.328,2,2.176,3.337,22.603,27.462,True,G73,-0.328,#016e2c
4H3,73,G,R,0.93,0.028,7.5,-0.306,1,2.176,3.337,22.603,27.462,True,G73,-0.306,#006b2b
4H3,73,G,S,0.638,0.343,8.0,-0.096,2,2.176,3.337,22.603,27.462,True,G73,-0.096,#004f1f
4H3,73,G,T,1.532,0.09,4.5,0.104,2,2.176,3.337,22.603,27.462,True,G73,0.0,#00441b
4H3,73,G,V,1.48,0.223,8.5,-0.086,1,2.176,3.337,22.603,27.462,True,G73,-0.086,#004e1f
4H3,73,G,W,2.074,0.126,6.5,-0.25,1,2.176,3.337,22.603,27.462,True,G73,-0.25,#006428
4H3,77,E,A,1.572,0.044,5.0,-0.521,1,1.774,3.337,22.035,27.462,True,E77,-0.521,#17803c
4H3,77,E,C,1.094,0.18,2.5,-1.687,3,1.774,3.337,22.035,27.462,True,E77,-1.687,#b0dfa9
4H3,77,E,D,0.998,0.001,4.0,-0.372,1,1.774,3.337,22.035,27.462,True,E77,-0.372,#067230
4H3,77,E,F,1.429,0.238,2.5,0.101,3,1.774,3.337,22.035,27.462,True,E77,0.0,#00441b
4H3,77,E,G,1.347,0.126,5.5,0.214,1,1.774,3.337,22.035,27.462,True,E77,0.0,#00441b
4H3,77,E,H,0.992,0.478,2.0,-0.017,2,1.774,3.337,22.035,27.462,True,E77,-0.017,#00451b
4H3,77,E,I,1.117,0.409,5.0,-0.118,2,1.774,3.337,22.035,27.462,True,E77,-0.118,#005321
4H3,77,E,K,1.105,0.004,21.5,0.09,1,1.774,3.337,22.035,27.462,True,E77,0.0,#00441b
4H3,77,E,L,1.324,0.097,5.0,0.238,2,1.774,3.337,22.035,27.462,True,E77,0.0,#00441b
4H3,77,E,M,1.076,0.147,5.0,-0.176,3,1.774,3.337,22.035,27.462,True,E77,-0.176,#005b24
4H3,77,E,P,1.774,0.01,4.5,0.19,2,1.774,3.337,22.035,27.462,True,E77,0.0,#00441b
4H3,77,E,Q,0.756,0.114,5.0,0.074,1,1.774,3.337,22.035,27.462,True,E77,0.0,#00441b
4H3,77,E,R,0.956,0.045,13.0,-0.011,2,1.774,3.337,22.035,27.462,True,E77,-0.011,#00451b
4H3,77,E,S,1.002,0.042,5.0,0.148,2,1.774,3.337,22.035,27.462,True,E77,0.0,#00441b
4H3,77,E,T,1.26,0.004,8.5,-0.14,2,1.774,3.337,22.035,27.462,True,E77,-0.14,#005622
4H3,77,E,V,1.406,0.099,3.5,0.003,1,1.774,3.337,22.035,27.462,True,E77,0.0,#00441b
4H3,77,E,W,1.586,0.079,5.5,0.172,3,1.774,3.337,22.035,27.462,True,E77,0.0,#00441b
4H3,77,E,Y,1.241,0.151,4.0,-0.085,2,1.774,3.337,22.035,27.462,True,E77,-0.085,#004e1f
4H3,80,K,A,1.519,0.009,4.5,-0.475,2,1.811,3.337,15.766,27.462,True,K80,-0.475,#117c38
4H3,80,K,E,1.811,0.283,10.0,-0.376,1,1.811,3.337,15.766,27.462,True,K80,-0.376,#067230
4H3,80,K,F,0.618,0.0,6.0,-1.948,3,1.811,3.337,15.766,27.462,True,K80,-1.948,#ceebc7
4H3,80,K,G,0.747,0.465,5.5,-1.246,2,1.811,3.337,15.766,27.462,True,K80,-1.246,#73c375
4H3,80,K,H,1.023,0.246,3.0,-0.571,2,1.811,3.337,15.766,27.462,True,K80,-0.571,#1c8540
4H3,80,K,I,0.606,0.445,4.5,-0.832,1,1.811,3.337,15.766,27.462,True,K80,-0.832,#37a055
4H3,80,K,L,0.774,0.173,3.5,-0.487,2,1.811,3.337,15.766,27.462,True,K80,-0.487,#127d39
4H3,80,K,M,1.14,0.104,9.0,-0.469,2,1.811,3.337,15.766,27.462,True,K80,-0.469,#117c38
4H3,80,K,N,0.708,0.187,4.5,-1.651,1,1.811,3.337,15.766,27.462,True,K80,-1.651,#acdda6
4H3,80,K,Q,1.054,0.071,4.0,-0.217,1,1.811,3.337,15.766,27.462,True,K80,-0.217,#006026
4H3,80,K,R,1.058,0.041,4.0,-0.262,1,1.811,3.337,15.766,27.462,True,K80,-0.262,#006528
4H3,80,K,S,1.304,0.235,4.0,-0.511,2,1.811,3.337,15.766,27.462,True,K80,-0.511,#167f3b
4H3,80,K,T,1.229,0.09,5.5,-1.023,1,1.811,3.337,15.766,27.462,True,K80,-1.023,#4eb163
4H3,80,K,V,0.796,0.138,4.0,-0.542,2,1.811,3.337,15.766,27.462,True,K80,-0.542,#19823e
4H3,80,K,Y,1.096,0.395,3.0,-0.015,2,1.811,3.337,15.766,27.462,True,K80,-0.015,#00451b
4H3,152,E,A,1.274,0.16,5.0,0.072,1,1.831,3.337,19.912,27.462,True,E152,0.0,#00441b
4H3,152,E,C,0.896,0.241,5.0,-0.993,3,1.831,3.337,19.912,27.462,True,E152,-0.993,#49af61
4H3,152,E,D,1.707,0.018,7.5,-0.094,1,1.831,3.337,19.912,27.462,True,E152,-0.094,#004f1f
4H3,152,E,F,1.094,0.261,6.5,-1.003,3,1.831,3.337,19.912,27.462,True,E152,-1.003,#4bb061
4H3,152,E,G,1.466,0.012,7.5,-0.599,1,1.831,3.337,19.912,27.462,True,E152,-0.599,#1f8842
4H3,152,E,H,1.235,0.097,5.5,-0.393,2,1.831,3.337,19.912,27.462,True,E152,-0.393,#087432
4H3,152,E,I,1.243,0.068,4.5,0.004,2,1.831,3.337,19.912,27.462,True,E152,0.0,#00441b
4H3,152,E,K,0.991,0.058,10.5,-0.356,1,1.831,3.337,19.912,27.462,True,E152,-0.356,#04702f
4H3,152,E,L,0.887,0.166,7.5,-0.455,2,1.831,3.337,19.912,27.462,True,E152,-0.455,#0f7a37
4H3,152,E,M,0.466,0.143,5.5,-0.32,3,1.831,3.337,19.912,27.462,True,E152,-0.32,#006d2c
4H3,152,E,N,1.831,0.55,2.0,-0.823,2,1.831,3.337,19.912,27.462,True,E152,-0.823,#369f54
4H3,152,E,Q,0.631,0.044,7.5,-0.21,1,1.831,3.337,19.912,27.462,True,E152,-0.21,#005f26
4H3,152,E,R,0.689,0.02,9.0,-0.463,2,1.831,3.337,19.912,27.462,True,E152,-0.463,#107b37
4H3,152,E,S,1.303,0.112,4.0,-0.272,2,1.831,3.337,19.912,27.462,True,E152,-0.272,#006629
4H3,152,E,T,1.209,0.15,6.0,-0.184,2,1.831,3.337,19.912,27.462,True,E152,-0.184,#005b24
4H3,152,E,V,0.984,0.035,7.0,-0.512,1,1.831,3.337,19.912,27.462,True,E152,-0.512,#167f3b
4H3,152,E,W,0.889,0.138,8.5,-0.95,3,1.831,3.337,19.912,27.462,True,E152,-0.95,#43ac5e
4H3,152,E,Y,1.117,0.009,5.0,-0.829,2,1.831,3.337,19.912,27.462,True,E152,-0.829,#369f54
4H3,273,S,A,0.433,0.015,7.0,-0.406,2,1.712,3.337,20.295,27.462,True,S273,-0.406,#0a7533
4H3,273,S,C,1.289,0.171,6.0,-0.045,1,1.712,3.337,20.295,27.462,True,S273,-0.045,#00491d
4H3,273,S,E,1.406,0.17,5.0,-0.53,3,1.712,3.337,20.295,27.462,True,S273,-0.53,#18813d
4H3,273,S,F,1.264,0.061,8.5,-0.416,2,1.712,3.337,20.295,27.462,True,S273,-0.416,#0b7633
4H3,273,S,H,1.423,0.243,7.5,-0.101,2,1.712,3.337,20.295,27.462,True,S273,-0.101,#005020
4H3,273,S,I,1.655,0.018,10.0,-0.091,1,1.712,3.337,20.295,27.462,True,S273,-0.091,#004f1f
4H3,273,S,K,1.712,0.099,4.0,0.129,2,1.712,3.337,20.295,27.462,True,S273,0.0,#00441b
4H3,273,S,L,0.866,0.192,6.0,0.163,2,1.712,3.337,20.295,27.462,True,S273,0.0,#00441b
4H3,273,S,M,1.535,0.059,8.0,0.015,2,1.712,3.337,20.295,27.462,True,S273,0.0,#00441b
4H3,273,S,N,0.993,0.156,8.5,-0.184,1,1.712,3.337,20.295,27.462,True,S273,-0.184,#005b24
4H3,273,S,Q,1.707,0.037,7.0,-0.079,3,1.712,3.337,20.295,27.462,True,S273,-0.079,#004e1f
4H3,273,S,R,1.006,0.066,6.5,-0.004,1,1.712,3.337,20.295,27.462,True,S273,-0.004,#00441b
4H3,273,S,T,1.167,0.064,7.5,-0.089,1,1.712,3.337,20.295,27.462,True,S273,-0.089,#004f1f
4H3,273,S,V,1.705,0.025,9.5,-0.245,2,1.712,3.337,20.295,27.462,True,S273,-0.245,#006428
4H3,273,S,W,0.515,0.144,6.0,0.055,2,1.712,3.337,20.295,27.462,True,S273,0.0,#00441b
4H3,273,S,Y,1.027,0.306,2.0,-0.395,2,1.712,3.337,20.295,27.462,True,S273,-0.395,#087432
1A9,43,T,C,0.612,0.514,7.0,-1.408,3,3.647,3.647,16.846999999999998,28.829,True,T43,-1.408,#8bce89
1A9,43,T,D,1.237,1.038,2.0,-0.856,3,3.647,3.647,16.846999999999998,28.829,True,T43,-0.856,#38a256
1A9,43,T,E,3.343,0.421,5.5,-0.339,2,3.647,3.647,16.846999999999998,28.829,True,T43,-0.339,#026f2d
1A9,43,T,F,0.452,0.207,6.0,-1.085,3,3.647,3.647,16.846999999999998,28.829,True,T43,-1.085,#59b769
1A9,43,T,G,0.8,0.02,4.5,-0.93,2,3.647,3.647,16.846999999999998,28.829,True,T43,-0.93,#40aa5c
1A9,43,T,H,0.642,0.67,5.5,-0.385,3,3.647,3.647,16.846999999999998,28.829,True,T43,-0.385,#077331
1A9,43,T,N,0.463,0.233,3.0,-1.079,2,3.647,3.647,16.846999999999998,28.829,True,T43,-1.079,#58b668
1A9,43,T,P,3.647,0.195,7.5,-0.19,1,3.647,3.647,16.846999999999998,28.829,True,T43,-0.19,#005c25
1A9,43,T,Q,0.644,0.204,5.5,-0.432,2,3.647,3.647,16.846999999999998,28.829,True,T43,-0.432,#0d7835
1A9,43,T,S,0.504,0.262,3.5,-0.118,1,3.647,3.647,16.846999999999998,28.829,True,T43,-0.118,#005321
1A9,43,T,W,3.646,0.413,2.5,-0.848,3,3.647,3.647,16.846999999999998,28.829,True,T43,-0.848,#37a155
1A9,43,T,Y,0.705,0.588,4.5,-0.702,3,3.647,3.647,16.846999999999998,28.829,True,T43,-0.702,#29924a
1A9,45,K,A,2.17,0.452,8.5,-1.149,2,2.737,3.647,21.877,28.829,True,K45,-1.149,#63bb6d
1A9,45,K,C,2.602,1.134,4.5,-1.391,3,2.737,3.647,21.877,28.829,True,K45,-1.391,#88cd86
1A9,45,K,F,1.868,1.438,6.5,-0.387,3,2.737,3.647,21.877,28.829,True,K45,-0.387,#077331
1A9,45,K,G,0.697,0.769,5.0,-1.746,2,2.737,3.647,21.877,28.829,True,K45,-1.746,#b7e2b0
1A9,45,K,H,0.756,0.42,15.5,-0.38,2,2.737,3.647,21.877,28.829,True,K45,-0.38,#067230
1A9,45,K,I,2.737,0.634,4.0,-0.964,1,2.737,3.647,21.877,28.829,True,K45,-0.964,#44ac5e
1A9,45,K,L,2.144,0.297,3.5,-1.047,2,2.737,3.647,21.877,28.829,True,K45,-1.047,#53b365
1A9,45,K,M,1.348,0.133,4.5,-0.785,2,2.737,3.647,21.877,28.829,True,K45,-0.785,#329b51
1A9,45,K,N,0.488,0.268,7.5,-2.465,1,2.737,3.647,21.877,28.829,True,K45,-2.0,#d3edcc
1A9,45,K,Q,1.143,0.191,7.5,-1.036,1,2.737,3.647,21.877,28.829,True,K45,-1.036,#51b365
1A9,45,K,S,0.454,0.113,5.0,-2.292,2,2.737,3.647,21.877,28.829,True,K45,-2.0,#d3edcc
1A9,45,K,V,1.31,0.288,2.5,-1.038,2,2.737,3.647,21.877,28.829,True,K45,-1.038,#51b365
1A9,45,K,W,1.446,1.085,6.0,-0.911,3,2.737,3.647,21.877,28.829,True,K45,-0.911,#3ea85b
1A9,45,K,Y,2.561,0.652,8.5,-0.236,2,2.737,3.647,21.877,28.829,True,K45,-0.236,#006227
1A9,47,K,F,0.713,0.413,3.5,-2.474,3,1.84,3.647,4.179,28.829,True,K47,-2.0,#d3edcc
1A9,47,K,L,0.556,0.379,4.5,-1.962,2,1.84,3.647,4.179,28.829,True,K47,-1.962,#cfecc8
1A9,47,K,Q,0.932,0.438,6.0,-2.362,1,1.84,3.647,4.179,28.829,True,K47,-2.0,#d3edcc
1A9,47,K,R,0.922,0.463,4.5,-1.414,1,1.84,3.647,4.179,28.829,True,K47,-1.414,#8bce89
1A9,47,K,V,1.84,0.025,3.0,-2.474,2,1.84,3.647,4.179,28.829,True,K47,-2.0,#d3edcc
1A9,92,G,A,0.519,0.129,5.5,0.307,1,2.645,3.647,28.829,28.829,True,G92,0.0,#00441b
1A9,92,G,C,1.89,0.325,8.5,-0.265,2,2.645,3.647,28.829,28.829,True,G92,-0.265,#006629
1A9,92,G,D,2.27,0.204,8.0,-0.75,2,2.645,3.647,28.829,28.829,True,G92,-0.75,#2e974e
1A9,92,G,E,2.645,0.995,7.0,-0.661,1,2.645,3.647,28.829,28.829,True,G92,-0.661,#268e47
1A9,92,G,F,0.54,0.348,6.0,-0.161,3,2.645,3.647,28.829,28.829,True,G92,-0.161,#005823
1A9,92,G,H,0.621,0.42,3.0,-0.231,3,2.645,3.647,28.829,28.829,True,G92,-0.231,#006127
1A9,92,G,I,1.667,0.121,7.0,-0.18,2,2.645,3.647,28.829,28.829,True,G92,-0.18,#005b24
1A9,92,G,K,2.422,0.462,4.5,-0.278,2,2.645,3.647,28.829,28.829,True,G92,-0.278,#006829
1A9,92,G,L,2.638,0.309,6.5,0.372,2,2.645,3.647,28.829,28.829,True,G92,0.0,#00441b
1A9,92,G,M,1.182,0.387,6.0,0.266,3,2.645,3.647,28.829,28.829,True,G92,0.0,#00441b
1A9,92,G,N,2.572,0.069,3.5,0.1,3,2.645,3.647,28.829,28.829,True,G92,0.0,#00441b
1A9,92,G,P,0.95,0.925,4.0,-0.511,2,2.645,3.647,28.829,28.829,True,G92,-0.511,#167f3b
1A9,92,G,Q,2.05,0.072,4.5,-0.003,2,2.645,3.647,28.829,28.829,True,G92,-0.003,#00441b
1A9,92,G,R,2.143,0.001,4.0,-0.116,1,2.645,3.647,28.829,28.829,True,G92,-0.116,#005220
1A9,92,G,S,1.116,0.326,9.5,-0.273,2,2.645,3.647,28.829,28.829,True,G92,-0.273,#006629
1A9,92,G,T,2.16,0.027,5.0,-0.186,2,2.645,3.647,28.829,28.829,True,G92,-0.186,#005c25
1A9,92,G,V,1.084,0.76,6.5,0.216,1,2.645,3.647,28.829,28.829,True,G92,0.0,#00441b
1A9,250,T,C,0.584,0.025,4.5,-0.574,3,2.584,3.647,12.478,28.829,True,T250,-0.574,#1c8540
1A9,250,T,D,1.587,1.392,5.5,-1.714,3,2.584,3.647,12.478,28.829,True,T250,-1.714,#b3e0ad
1A9,250,T,E,1.163,0.404,5.0,-1.905,2,2.584,3.647,12.478,28.829,True,T250,-1.905,#caeac3
1A9,250,T,I,2.584,0.774,10.0,-0.943,1,2.584,3.647,12.478,28.829,True,T250,-0.943,#41ab5d
1A9,250,T,K,0.86,0.278,4.5,-2.421,1,2.584,3.647,12.478,28.829,True,T250,-2.0,#d3edcc
1A9,250,T,L,1.511,1.461,3.5,-1.227,2,2.584,3.647,12.478,28.829,True,T250,-1.227,#70c274
1A9,250,T,M,0.708,0.125,3.0,-0.585,2,2.584,3.647,12.478,28.829,True,T250,-0.585,#1d8641
1A9,250,T,Q,0.686,0.401,3.5,-1.115,2,2.584,3.647,12.478,28.829,True,T250,-1.115,#5eb96b
1A9,250,T,V,0.375,0.539,2.5,-0.4,2,2.584,3.647,12.478,28.829,True,T250,-0.4,#087432
1A9,250,T,W,1.082,0.746,7.0,-0.267,3,2.584,3.647,12.478,28.829,True,T250,-0.267,#006629
1A9,250,T,Y,0.417,0.264,5.0,-1.122,3,2.584,3.647,12.478,28.829,True,T250,-1.122,#5eb96b
1A9,282,F,C,0.498,0.658,7.0,-2.299,1,2.581,3.647,6.697,28.829,True,F282,-2.0,#d3edcc
1A9,282,F,I,0.61,0.54,4.0,-0.479,1,2.581,3.647,6.697,28.829,True,F282,-0.479,#127d39
1A9,282,F,L,0.512,0.17,8.5,-1.147,1,2.581,3.647,6.697,28.829,True,F282,-1.147,#63bb6d
1A9,282,F,T,2.581,0.253,8.0,-0.198,2,2.581,3.647,6.697,28.829,True,F282,-0.198,#005d25
1A9,282,F,V,1.92,0.165,7.0,-0.806,1,2.581,3.647,6.697,28.829,True,F282,-0.806,#349d52
1A9,336,R,A,1.144,0.625,4.0,-0.729,2,2.833,3.647,22.415,28.829,True,R336,-0.729,#2c954c
1A9,336,R,C,1.723,0.128,5.0,-1.507,2,2.833,3.647,22.415,28.829,True,R336,-1.507,#99d594
1A9,336,R,F,1.976,0.322,3.5,-1.016,3,2.833,3.647,22.415,28.829,True,R336,-1.016,#4eb163
1A9,336,R,G,0.952,0.854,4.0,-0.908,1,2.833,3.647,22.415,28.829,True,R336,-0.908,#3da75a
1A9,336,R,H,2.451,0.654,5.5,-1.075,3,2.833,3.647,22.415,28.829,True,R336,-1.075,#58b668
1A9,336,R,I,1.735,0.06,4.0,-0.849,2,2.833,3.647,22.415,28.829,True,R336,-0.849,#37a155
1A9,336,R,K,0.8,0.318,9.0,0.1,1,2.833,3.647,22.415,28.829,True,R336,0.0,#00441b
1A9,336,R,L,0.629,0.221,5.5,-0.33,2,2.833,3.647,22.415,28.829,True,R336,-0.33,#016e2c
1A9,336,R,M,0.635,0.179,3.5,-0.802,1,2.833,3.647,22.415,28.829,True,R336,-0.802,#349d52
1A9,336,R,N,2.296,0.789,4.0,-1.827,2,2.833,3.647,22.415,28.829,True,R336,-1.827,#c1e6bb
1A9,336,R,Q,1.406,0.512,6.5,-1.422,2,2.833,3.647,22.415,28.829,True,R336,-1.422,#8ccf8a
1A9,336,R,T,1.545,0.78,5.5,-1.692,1,2.833,3.647,22.415,28.829,True,R336,-1.692,#b1dfaa
1A9,336,R,V,0.81,0.689,7.0,-1.582,2,2.833,3.647,22.415,28.829,True,R336,-1.582,#a2d99c
1A9,336,R,W,2.833,1.028,10.0,-0.43,1,2.833,3.647,22.415,28.829,True,R336,-0.43,#0d7835
1A9,336,R,Y,1.48,0.592,2.5,-0.407,3,2.833,3.647,22.415,28.829,True,R336,-0.407,#0a7533
1F2,48,I,C,0.207,0.015,4.0,-0.715,2,0.956,1.774,3.104,3.344,True,I48,-0.715,#2b944b
1F2,48,I,K,0.218,0.001,3.5,-2.131,2,0.956,1.774,3.104,3.344,True,I48,-2.0,#d3edcc
1F2,48,I,N,0.412,0.131,5.0,-0.88,1,0.956,1.774,3.104,3.344,True,I48,-0.88,#3ba558
1F2,48,I,T,0.351,0.436,2.5,-1.657,1,0.956,1.774,3.104,3.344,True,I48,-1.657,#acdda6
1F2,48,I,W,0.956,0.578,2.0,-1.927,3,0.956,1.774,3.104,3.344,True,I48,-1.927,#ccebc5
1F2,48,I,Y,0.377,0.207,2.5,-1.66,2,0.956,1.774,3.104,3.344,True,I48,-1.66,#acdda6
1F2,50,S,A,0.364,0.106,6.0,-0.57,2,0.617,1.774,3.344,3.344,True,S50,-0.57,#1c8540
1F2,50,S,G,0.405,0.054,5.5,-0.812,1,0.617,1.774,3.344,3.344,True,S50,-0.812,#359e53
1F2,50,S,H,0.364,0.24,4.0,0.027,2,0.617,1.774,3.344,3.344,True,S50,0.0,#00441b
1F2,50,S,M,0.225,0.177,7.0,0.164,2,0.617,1.774,3.344,3.344,True,S50,0.0,#00441b
1F2,50,S,N,0.454,0.266,8.0,-1.447,1,0.617,1.774,3.344,3.344,True,S50,-1.447,#90d18d
1F2,50,S,Q,0.494,0.062,4.5,-0.635,3,0.617,1.774,3.344,3.344,True,S50,-0.635,#248c45
1F2,50,S,R,0.617,0.492,5.5,-0.992,1,0.617,1.774,3.344,3.344,True,S50,-0.992,#49af61
1F2,50,S,Y,0.204,0.066,4.5,-0.602,2,0.617,1.774,3.344,3.344,True,S50,-0.602,#1f8842
1F2,51,N,K,1.245,0.097,4.0,-0.42,1,1.52,1.774,1.4790000000000005,3.344,True,N51,-0.42,#0c7734
1F2,51,N,R,1.52,0.104,4.5,-0.573,2,1.52,1.774,1.4790000000000005,3.344,True,N51,-0.573,#1c8540
1F2,51,N,W,0.998,0.044,4.0,-0.938,3,1.52,1.774,1.4790000000000005,3.344,True,N51,-0.938,#41ab5d
1F2,51,N,Y,0.558,0.134,8.0,-0.299,1,1.52,1.774,1.4790000000000005,3.344,True,N51,-0.299,#006a2b
1F2,53,L,P,1.435,0.03,5.5,-1.446,1,1.435,1.774,1.872,3.344,True,L53,-1.446,#90d18d
1F2,53,L,T,0.416,0.128,4.0,-1.943,2,1.435,1.774,1.872,3.344,True,L53,-1.943,#cdebc6
1F2,251,E,C,0.307,0.115,4.5,-1.023,3,0.324,1.774,3.1790000000000003,3.344,True,E251,-1.023,#4eb163
1F2,251,E,F,0.203,0.075,4.5,-1.202,3,0.324,1.774,3.1790000000000003,3.344,True,E251,-1.202,#6cc072
1F2,251,E,G,0.289,0.012,9.5,-1.535,1,0.324,1.774,3.1790000000000003,3.344,True,E251,-1.535,#9dd798
1F2,251,E,H,0.226,0.098,7.0,-1.169,2,0.324,1.774,3.1790000000000003,3.344,True,E251,-1.169,#66bd6f
1F2,251,E,R,0.254,0.171,4.0,-2.27,2,0.324,1.774,3.1790000000000003,3.344,True,E251,-2.0,#d3edcc
1F2,251,E,S,0.289,0.063,9.5,-1.08,2,0.324,1.774,3.1790000000000003,3.344,True,E251,-1.08,#58b668
1F2,251,E,V,0.272,0.001,7.5,-1.367,1,0.324,1.774,3.1790000000000003,3.344,True,E251,-1.367,#84cb83
1F2,251,E,W,0.324,0.034,7.0,-0.471,3,0.324,1.774,3.1790000000000003,3.344,True,E251,-0.471,#117c38
1F2,251,E,Y,0.186,0.078,8.0,-0.75,2,0.324,1.774,3.1790000000000003,3.344,True,E251,-0.75,#2e974e
1F2,286,T,H,0.184,0.136,4.5,-0.389,2,1.774,1.774,2.76,3.344,True,T286,-0.389,#077331
1F2,286,T,Q,0.822,0.082,5.0,-0.895,3,1.774,1.774,2.76,3.344,True,T286,-0.895,#3ca659
1F2,286,T,W,1.774,0.047,8.5,-0.693,3,1.774,1.774,2.76,3.344,True,T286,-0.693,#289149
1F2,286,T,Y,0.201,0.099,9.0,-0.198,2,1.774,1.774,2.76,3.344,True,T286,-0.198,#005d25
1F2,287,E,A,0.305,0.108,5.5,-0.103,1,0.326,1.774,2.6390000000000002,3.344,True,E287,-0.103,#005020
1F2,287,E,F,0.239,0.094,5.0,-0.352,3,0.326,1.774,2.6390000000000002,3.344,True,E287,-0.352,#04702f
1F2,287,E,I,0.231,0.006,7.5,-0.232,2,0.326,1.774,2.6390000000000002,3.344,True,E287,-0.232,#006127
1F2,287,E,L,0.263,0.017,8.0,0.148,2,0.326,1.774,2.6390000000000002,3.344,True,E287,0.0,#00441b
1F2,287,E,M,0.18,0.034,4.5,-0.369,3,0.326,1.774,2.6390000000000002,3.344,True,E287,-0.369,#057130
1F2,287,E,P,0.198,0.006,7.5,-0.482,2,0.326,1.774,2.6390000000000002,3.344,True,E287,-0.482,#127d39
1F2,287,E,R,0.326,0.031,3.0,-0.888,2,0.326,1.774,2.6390000000000002,3.344,True,E287,-0.888,#3ba558
1F2,287,E,V,0.23,0.059,11.0,-0.118,1,0.326,1.774,2.6390000000000002,3.344,True,E287,-0.118,#005321
2B12,302,N,A,1.779,0.475,4.0,-0.404,2,1.978,2.87,22.894,28.632,True,N302,-0.404,#0a7533
2B12,302,N,C,1.556,0.495,6.5,-0.527,2,1.978,2.87,22.894,28.632,True,N302,-0.527,#17803c
2B12,302,N,E,0.941,0.086,7.5,-1.936,2,1.978,2.87,22.894,28.632,True,N302,-1.936,#cdebc6
2B12,302,N,F,1.274,0.402,6.0,-0.357,2,1.978,2.87,22.894,28.632,True,N302,-0.357,#04702f
2B12,302,N,G,0.612,0.408,3.5,-1.092,2,1.978,2.87,22.894,28.632,True,N302,-1.092,#59b769
2B12,302,N,H,1.802,0.053,16.5,0.223,1,1.978,2.87,22.894,28.632,True,N302,0.0,#00441b
2B12,302,N,I,1.426,0.378,7.5,-0.355,1,1.978,2.87,22.894,28.632,True,N302,-0.355,#04702f
2B12,302,N,L,0.567,0.242,8.5,-1.375,2,1.978,2.87,22.894,28.632,True,N302,-1.375,#85cc84
2B12,302,N,M,1.017,0.213,5.5,-0.484,2,1.978,2.87,22.894,28.632,True,N302,-0.484,#127d39
2B12,302,N,Q,1.548,0.234,5.0,-0.3,2,1.978,2.87,22.894,28.632,True,N302,-0.3,#006a2b
2B12,302,N,R,1.978,0.388,4.0,-0.497,2,1.978,2.87,22.894,28.632,True,N302,-0.497,#137e3a
2B12,302,N,S,1.755,0.104,4.0,-0.394,1,1.978,2.87,22.894,28.632,True,N302,-0.394,#087432
2B12,302,N,T,1.435,0.106,8.5,-0.637,1,1.978,2.87,22.894,28.632,True,N302,-0.637,#248c45
2B12,302,N,V,1.425,0.479,10.0,-0.493,2,1.978,2.87,22.894,28.632,True,N302,-0.493,#137e3a
2B12,302,N,W,1.808,0.326,4.5,-0.336,3,1.978,2.87,22.894,28.632,True,N302,-0.336,#026f2d
2B12,302,N,Y,1.971,0.421,5.0,0.303,1,1.978,2.87,22.894,28.632,True,N302,0.0,#00441b
2B12,304,D,A,1.062,0.209,6.0,-0.672,1,1.945,2.87,17.465,28.632,True,D304,-0.672,#278f48
2B12,304,D,E,0.482,0.167,5.5,-0.322,1,1.945,2.87,17.465,28.632,True,D304,-0.322,#006d2c
2B12,304,D,F,1.141,0.472,7.5,-0.941,2,1.945,2.87,17.465,28.632,True,D304,-0.941,#41ab5d
2B12,304,D,G,1.945,0.52,3.5,-0.678,1,1.945,2.87,17.465,28.632,True,D304,-0.678,#279048
2B12,304,D,H,1.066,0.171,8.5,-0.398,1,1.945,2.87,17.465,28.632,True,D304,-0.398,#087432
2B12,304,D,K,1.29,1.157,3.0,-0.884,2,1.945,2.87,17.465,28.632,True,D304,-0.884,#3ba558
2B12,304,D,L,1.553,0.259,7.5,-0.559,2,1.945,2.87,17.465,28.632,True,D304,-0.559,#1b843f
2B12,304,D,M,1.672,0.102,5.0,-0.28,3,1.945,2.87,17.465,28.632,True,D304,-0.28,#006829
2B12,304,D,Q,1.629,0.113,8.0,-0.21,2,1.945,2.87,17.465,28.632,True,D304,-0.21,#005f26
2B12,304,D,R,1.716,0.516,7.5,-0.645,2,1.945,2.87,17.465,28.632,True,D304,-0.645,#258d46
2B12,304,D,V,1.842,0.529,3.5,-0.231,1,1.945,2.87,17.465,28.632,True,D304,-0.231,#006127
2B12,304,D,W,1.043,0.044,5.0,-0.996,3,1.945,2.87,17.465,28.632,True,D304,-0.996,#49af61
2B12,304,D,Y,1.468,0.218,6.5,-0.882,1,1.945,2.87,17.465,28.632,True,D304,-0.882,#3ba558
2B12,307,E,A,1.49,0.531,5.5,-0.244,1,2.065,2.87,8.435,28.632,True,E307,-0.244,#006227
2B12,307,E,C,0.53,0.357,5.0,-2.216,3,2.065,2.87,8.435,28.632,True,E307,-2.0,#d3edcc
2B12,307,E,F,1.218,0.928,4.0,-1.281,3,2.065,2.87,8.435,28.632,True,E307,-1.281,#78c67a
2B12,307,E,G,0.557,0.586,3.0,-1.837,1,2.065,2.87,8.435,28.632,True,E307,-1.837,#c3e7bc
2B12,307,E,H,2.065,0.432,5.5,-0.798,2,2.065,2.87,8.435,28.632,True,E307,-0.798,#339c51
2B12,307,E,L,0.853,0.292,5.5,-0.937,2,2.065,2.87,8.435,28.632,True,E307,-0.937,#40aa5c
2B12,307,E,M,0.578,0.367,3.0,-0.795,3,2.065,2.87,8.435,28.632,True,E307,-0.795,#339c51
2B12,307,E,P,1.953,0.707,2.0,-0.749,2,2.065,2.87,8.435,28.632,True,E307,-0.749,#2e974e
2B12,307,E,Q,1.425,0.279,8.5,-0.519,1,2.065,2.87,8.435,28.632,True,E307,-0.519,#17803c
2B12,389,S,A,0.938,0.014,7.0,-0.706,2,2.852,2.87,18.474,28.632,True,S389,-0.706,#2a934b
2B12,389,S,C,0.883,0.593,4.0,-1.607,1,2.852,2.87,18.474,28.632,True,S389,-1.607,#a6dba0
2B12,389,S,D,0.563,0.124,7.0,-2.25,2,2.852,2.87,18.474,28.632,True,S389,-2.0,#d3edcc
2B12,389,S,F,0.479,0.172,6.0,-0.22,2,2.852,2.87,18.474,28.632,True,S389,-0.22,#006026
2B12,389,S,H,0.429,0.149,8.5,0.08,2,2.852,2.87,18.474,28.632,True,S389,0.0,#00441b
2B12,389,S,I,0.97,0.289,7.0,-0.875,1,2.852,2.87,18.474,28.632,True,S389,-0.875,#3aa458
2B12,389,S,K,1.005,0.504,2.5,-1.97,2,2.852,2.87,18.474,28.632,True,S389,-1.97,#d0ecc9
2B12,389,S,L,1.148,0.167,7.5,-1.238,2,2.852,2.87,18.474,28.632,True,S389,-1.238,#71c274
2B12,389,S,M,1.549,0.187,4.5,-1.279,2,2.852,2.87,18.474,28.632,True,S389,-1.279,#77c578
2B12,389,S,P,0.849,0.099,8.0,-0.795,2,2.852,2.87,18.474,28.632,True,S389,-0.795,#339c51
2B12,389,S,Q,2.852,0.93,6.0,-0.239,3,2.852,2.87,18.474,28.632,True,S389,-0.239,#006227
2B12,389,S,R,2.567,0.426,7.5,0.241,1,2.852,2.87,18.474,28.632,True,S389,0.0,#00441b
2B12,389,S,V,1.742,0.328,3.5,-1.077,2,2.852,2.87,18.474,28.632,True,S389,-1.077,#58b668
2B12,389,S,W,1.06,0.204,8.0,-0.18,2,2.852,2.87,18.474,28.632,True,S389,-0.18,#005b24
2B12,389,S,Y,1.238,0.167,6.5,-0.782,2,2.852,2.87,18.474,28.632,True,S389,-0.782,#329b51
2B12,391,T,A,0.75,0.037,4.5,-1.279,1,2.064,2.87,10.859,28.632,True,T391,-1.279,#77c578
2B12,391,T,F,0.528,0.135,6.0,-2.091,3,2.064,2.87,10.859,28.632,True,T391,-2.0,#d3edcc
2B12,391,T,H,0.583,0.221,3.0,-0.826,3,2.064,2.87,10.859,28.632,True,T391,-0.826,#369f54
2B12,391,T,I,0.52,0.13,7.5,-2.092,1,2.064,2.87,10.859,28.632,True,T391,-2.0,#d3edcc
2B12,391,T,K,1.671,0.746,4.0,-2.271,1,2.064,2.87,10.859,28.632,True,T391,-2.0,#d3edcc
2B12,391,T,L,0.817,0.002,7.0,-1.315,2,2.064,2.87,10.859,28.632,True,T391,-1.315,#7dc87d
2B12,391,T,N,0.53,0.423,6.0,-1.058,2,2.064,2.87,10.859,28.632,True,T391,-1.058,#54b466
2B12,391,T,Q,1.737,0.173,5.0,-1.574,2,2.064,2.87,10.859,28.632,True,T391,-1.574,#a2d99c
2B12,391,T,R,0.459,0.14,7.0,-0.58,1,2.064,2.87,10.859,28.632,True,T391,-0.58,#1d8641
2B12,391,T,V,2.064,0.909,3.5,-1.102,2,2.064,2.87,10.859,28.632,True,T391,-1.102,#5bb769
2B12,391,T,Y,0.838,0.372,3.5,-2.151,3,2.064,2.87,10.859,28.632,True,T391,-2.0,#d3edcc
2B12,400,A,D,0.705,0.105,4.0,-2.406,2,2.119,2.87,8.893,28.632,True,A400,-2.0,#d3edcc
2B12,400,A,E,0.628,0.458,4.5,-1.163,1,2.119,2.87,8.893,28.632,True,A400,-1.163,#66bd6f
2B12,400,A,F,0.383,0.029,7.5,-0.03,3,2.119,2.87,8.893,28.632,True,A400,-0.03,#00471c
2B12,400,A,G,2.119,1.324,3.5,-0.989,1,2.119,2.87,8.893,28.632,True,A400,-0.989,#49af61
2B12,400,A,K,0.534,0.078,4.0,-0.715,2,2.119,2.87,8.893,28.632,True,A400,-0.715,#2b944b
2B12,400,A,L,1.11,0.223,3.0,-0.516,2,2.119,2.87,8.893,28.632,True,A400,-0.516,#167f3b
2B12,400,A,M,0.346,0.127,4.5,-0.46,3,2.119,2.87,8.893,28.632,True,A400,-0.46,#107b37
2B12,400,A,P,0.345,0.039,6.0,-1.266,1,2.119,2.87,8.893,28.632,True,A400,-1.266,#76c477
2B12,400,A,Q,0.529,0.323,4.5,-0.024,2,2.119,2.87,8.893,28.632,True,A400,-0.024,#00461c
2B12,400,A,R,0.632,0.121,4.0,-1.456,2,2.119,2.87,8.893,28.632,True,A400,-1.456,#92d28e
2B12,400,A,W,1.072,0.199,6.0,-0.965,3,2.119,2.87,8.893,28.632,True,A400,-0.965,#44ac5e
2B12,402,S,D,1.51,0.0,6.0,-1.358,3,1.51,2.87,7.365,28.632,True,S402,-1.358,#84cb83
2B12,402,S,E,0.425,0.873,3.0,-1.562,2,1.51,2.87,7.365,28.632,True,S402,-1.562,#a0d89a
2B12,402,S,F,0.904,0.288,6.5,-1.485,2,1.51,2.87,7.365,28.632,True,S402,-1.485,#96d492
2B12,402,S,H,1.075,0.795,2.5,-0.78,3,1.51,2.87,7.365,28.632,True,S402,-0.78,#319a50
2B12,402,S,I,0.652,0.127,5.5,-0.824,2,1.51,2.87,7.365,28.632,True,S402,-0.824,#369f54
2B12,402,S,L,0.375,0.344,3.0,-1.115,1,1.51,2.87,7.365,28.632,True,S402,-1.115,#5eb96b
2B12,402,S,Q,0.449,0.143,6.0,-0.852,2,1.51,2.87,7.365,28.632,True,S402,-0.852,#38a256
2B12,402,S,R,0.511,0.334,4.0,-0.487,2,1.51,2.87,7.365,28.632,True,S402,-0.487,#127d39
2B12,402,S,T,0.468,0.008,6.0,-0.298,1,1.51,2.87,7.365,28.632,True,S402,-0.298,#006a2b
2B12,402,S,V,0.731,0.17,5.5,-0.561,2,1.51,2.87,7.365,28.632,True,S402,-0.561,#1b843f
2B12,402,S,Y,0.595,0.125,4.0,-1.11,2,1.51,2.87,7.365,28.632,True,S402,-1.11,#5cb86a
2B12,404,S,A,1.395,0.629,5.5,-1.13,1,2.06,2.87,21.428,28.632,True,S404,-1.13,#60ba6c
2B12,404,S,D,1.8,0.577,7.5,0.144,3,2.06,2.87,21.428,28.632,True,S404,0.0,#00441b
2B12,404,S,E,1.37,0.234,5.5,-0.433,2,2.06,2.87,21.428,28.632,True,S404,-0.433,#0d7835
2B12,404,S,F,0.994,0.265,8.5,-1.615,2,2.06,2.87,21.428,28.632,True,S404,-1.615,#a7dba1
2B12,404,S,G,0.725,0.242,9.5,-0.73,2,2.06,2.87,21.428,28.632,True,S404,-0.73,#2c954c
2B12,404,S,H,1.374,0.049,10.5,-1.321,3,2.06,2.87,21.428,28.632,True,S404,-1.321,#7ec87e
2B12,404,S,I,0.644,0.107,14.0,-1.686,2,2.06,2.87,21.428,28.632,True,S404,-1.686,#b0dfa9
2B12,404,S,K,1.274,0.116,7.0,-1.067,2,2.06,2.87,21.428,28.632,True,S404,-1.067,#56b567
2B12,404,S,L,1.22,0.121,5.0,-1.022,1,2.06,2.87,21.428,28.632,True,S404,-1.022,#4eb163
2B12,404,S,M,2.06,1.818,2.5,-1.366,3,2.06,2.87,21.428,28.632,True,S404,-1.366,#84cb83
2B12,404,S,N,0.788,0.054,22.5,-0.47,3,2.06,2.87,21.428,28.632,True,S404,-0.47,#117c38
2B12,404,S,P,0.568,0.17,5.0,-1.18,1,2.06,2.87,21.428,28.632,True,S404,-1.18,#68be70
2B12,404,S,Q,1.182,0.492,4.5,-1.505,2,2.06,2.87,21.428,28.632,True,S404,-1.505,#99d594
2B12,404,S,R,1.454,0.356,10.5,-0.945,2,2.06,2.87,21.428,28.632,True,S404,-0.945,#41ab5d
2B12,404,S,T,0.472,0.046,5.5,-0.223,1,2.06,2.87,21.428,28.632,True,S404,-0.223,#006026
2B12,404,S,V,1.573,0.227,6.5,-1.282,2,2.06,2.87,21.428,28.632,True,S404,-1.282,#78c67a
2B12,404,S,W,0.814,0.042,7.0,-1.899,2,2.06,2.87,21.428,28.632,True,S404,-1.899,#c9eac2
2B12,404,S,Y,1.721,0.901,14.0,-1.631,2,2.06,2.87,21.428,28.632,True,S404,-1.631,#aadca3
2B12,405,G,A,1.353,0.056,7.0,-1.045,1,2.308,2.87,16.358,28.632,True,G405,-1.045,#53b365
2B12,405,G,F,0.494,0.377,5.0,-1.941,3,2.308,2.87,16.358,28.632,True,G405,-1.941,#cdebc6
2B12,405,G,H,1.767,0.974,5.5,-1.741,3,2.308,2.87,16.358,28.632,True,G405,-1.741,#b7e2b0
2B12,405,G,I,1.068,0.065,7.5,-1.383,2,2.308,2.87,16.358,28.632,True,G405,-1.383,#87cc85
2B12,405,G,K,0.896,0.651,4.0,-2.277,2,2.308,2.87,16.358,28.632,True,G405,-2.0,#d3edcc
2B12,405,G,L,1.181,0.014,4.5,-2.322,2,2.308,2.87,16.358,28.632,True,G405,-2.0,#d3edcc
2B12,405,G,M,1.126,0.281,9.0,-2.144,3,2.308,2.87,16.358,28.632,True,G405,-2.0,#d3edcc
2B12,405,G,N,1.081,0.02,4.0,-1.98,3,2.308,2.87,16.358,28.632,True,G405,-1.98,#d1edca
2B12,405,G,P,1.204,0.022,5.0,-1.678,2,2.308,2.87,16.358,28.632,True,G405,-1.678,#aedea8
2B12,405,G,Q,0.42,0.295,5.5,-2.295,2,2.308,2.87,16.358,28.632,True,G405,-2.0,#d3edcc
2B12,405,G,R,0.67,0.245,4.0,-2.294,1,2.308,2.87,16.358,28.632,True,G405,-2.0,#d3edcc
2B12,405,G,V,1.225,0.695,12.0,-1.059,1,2.308,2.87,16.358,28.632,True,G405,-1.059,#54b466
2B12,405,G,W,2.308,0.504,3.5,-0.359,2,2.308,2.87,16.358,28.632,True,G405,-0.359,#04702f
2B12,405,G,Y,1.351,0.519,5.5,-1.472,3,2.308,2.87,16.358,28.632,True,G405,-1.472,#93d290
2B12,406,E,A,2.281,1.242,2.5,-0.834,1,2.87,2.87,28.632,28.632,True,E406,-0.834,#37a055
2B12,406,E,C,0.665,0.365,2.5,-1.733,3,2.87,2.87,28.632,28.632,True,E406,-1.733,#b6e1af
2B12,406,E,D,1.414,0.277,7.5,-0.66,1,2.87,2.87,28.632,28.632,True,E406,-0.66,#268e47
2B12,406,E,F,1.777,0.832,3.0,-1.76,3,2.87,2.87,28.632,28.632,True,E406,-1.76,#b9e3b2
2B12,406,E,G,2.091,0.363,6.0,-0.557,1,2.87,2.87,28.632,28.632,True,E406,-0.557,#1b843f
2B12,406,E,H,0.769,0.791,9.5,-1.579,2,2.87,2.87,28.632,28.632,True,E406,-1.579,#a2d99c
2B12,406,E,I,1.791,0.354,5.5,-1.102,2,2.87,2.87,28.632,28.632,True,E406,-1.102,#5bb769
2B12,406,E,K,1.926,0.005,6.0,-0.784,1,2.87,2.87,28.632,28.632,True,E406,-0.784,#329b51
2B12,406,E,L,1.749,0.337,5.5,-1.162,2,2.87,2.87,28.632,28.632,True,E406,-1.162,#64bc6e
2B12,406,E,N,2.281,0.859,4.5,-1.414,2,2.87,2.87,28.632,28.632,True,E406,-1.414,#8bce89
2B12,406,E,P,1.098,0.835,6.5,-1.882,2,2.87,2.87,28.632,28.632,True,E406,-1.882,#c7e9c0
2B12,406,E,Q,1.786,0.884,7.5,-0.508,1,2.87,2.87,28.632,28.632,True,E406,-0.508,#167f3b
2B12,406,E,R,0.808,0.009,4.0,-1.658,2,2.87,2.87,28.632,28.632,True,E406,-1.658,#acdda6
2B12,406,E,S,2.055,0.149,3.0,-0.892,2,2.87,2.87,28.632,28.632,True,E406,-0.892,#3ca659
2B12,406,E,T,2.87,1.816,5.5,-0.916,2,2.87,2.87,28.632,28.632,True,E406,-0.916,#3ea85b
2B12,406,E,V,1.486,0.243,5.0,-0.834,1,2.87,2.87,28.632,28.632,True,E406,-0.834,#37a055
2B12,406,E,Y,1.785,0.344,4.5,-1.54,2,2.87,2.87,28.632,28.632,True,E406,-1.54,#9dd798
