site,mean_escape,wildtype,antibody
29,-0.129,H,12B2
30,-0.12,Y,12B2
31,0.173,E,12B2
32,-0.075,K,12B2
33,-0.012,L,12B2
34,-0.022,S,12B2
35,-0.159,K,12B2
36,-0.083,I,12B2
38,0.025,L,12B2
39,-0.125,V,12B2
40,-0.101,K,12B2
41,-0.123,G,12B2
42,-0.024,V,12B2
43,-0.029,T,12B2
44,-0.041,R,12B2
45,0.02,K,12B2
46,-0.019,Y,12B2
47,-0.122,K,12B2
48,-0.091,I,12B2
49,-0.157,K,12B2
50,0.038,S,12B2
51,-0.012,N,12B2
52,-0.182,P,12B2
53,-0.12,L,12B2
54,0.057,T,12B2
55,-0.088,K,12B2
56,0.046,D,12B2
57,-0.017,I,12B2
58,0.09,V,12B2
59,-0.076,I,12B2
60,-0.205,K,12B2
61,-0.145,M,12B2
62,0.006,I,12B2
63,-0.33,P,12B2
64,-0.404,N,12B2
65,-0.126,V,12B2
66,-0.342,S,12B2
67,-2.29,N,12B2
68,-0.53,M,12B2
69,-2.161,S,12B2
70,-0.163,Q,12B2
72,0.001,T,12B2
73,-0.039,G,12B2
74,0.043,S,12B2
75,0.081,V,12B2
76,-0.068,M,12B2
77,-0.053,E,12B2
78,-0.042,N,12B2
79,-0.019,Y,12B2
80,0.012,K,12B2
81,0.003,T,12B2
83,0.012,L,12B2
84,-0.018,N,12B2
85,0.001,G,12B2
86,-0.09,I,12B2
87,0.04,L,12B2
88,-0.018,T,12B2
89,-0.321,P,12B2
90,-0.077,I,12B2
91,0.01,K,12B2
92,-0.024,G,12B2
93,-0.044,A,12B2
94,0.053,L,12B2
95,-0.016,E,12B2
96,-0.023,I,12B2
97,-0.101,Y,12B2
98,-0.008,K,12B2
99,-0.033,N,12B2
100,-0.007,N,12B2
101,-0.067,T,12B2
102,-0.075,H,12B2
103,-0.072,D,12B2
104,-0.151,L,12B2
105,-0.239,V,12B2
106,-0.071,G,12B2
107,0.035,D,12B2
108,-0.065,V,12B2
109,-0.088,R,12B2
110,-0.118,L,12B2
111,-0.043,A,12B2
112,-0.067,G,12B2
113,-0.043,V,12B2
114,-0.113,I,12B2
115,-0.02,M,12B2
116,-0.061,A,12B2
117,-0.047,G,12B2
118,-0.065,V,12B2
119,-0.065,A,12B2
120,-0.063,I,12B2
121,-0.134,G,12B2
122,-0.11,I,12B2
123,0.251,A,12B2
124,-0.03,T,12B2
125,-0.122,A,12B2
126,-0.025,A,12B2
127,-0.13,Q,12B2
128,-0.036,I,12B2
129,-0.177,T,12B2
130,-0.199,A,12B2
131,0.065,G,12B2
132,-0.055,V,12B2
133,-0.082,A,12B2
134,-0.025,L,12B2
135,-0.035,Y,12B2
136,-0.101,E,12B2
137,-0.223,A,12B2
138,-0.026,M,12B2
139,-0.104,K,12B2
140,0.032,N,12B2
141,0.007,A,12B2
142,-0.03,D,12B2
143,-0.079,N,12B2
144,0.018,I,12B2
145,-0.047,N,12B2
146,-0.072,K,12B2
147,0.15,L,12B2
148,-0.025,K,12B2
149,-0.038,S,12B2
150,0.017,S,12B2
151,-0.212,I,12B2
152,-0.002,E,12B2
153,0.067,S,12B2
154,0.171,T,12B2
155,1.782,N,12B2
156,1.589,E,12B2
157,-0.083,A,12B2
158,-0.533,V,12B2
159,1.118,V,12B2
160,-0.148,K,12B2
161,0.263,L,12B2
162,-0.009,Q,12B2
163,-0.008,E,12B2
164,0.037,T,12B2
165,-0.041,A,12B2
166,0.074,E,12B2
167,-0.136,K,12B2
168,-0.035,T,12B2
169,-0.061,V,12B2
170,-0.053,Y,12B2
171,0.285,V,12B2
172,-0.144,L,12B2
173,0.109,T,12B2
174,-0.006,A,12B2
175,-0.055,L,12B2
177,0.043,D,12B2
178,0.048,Y,12B2
179,-0.104,I,12B2
180,0.418,N,12B2
181,-0.084,T,12B2
182,-0.094,N,12B2
183,-0.153,L,12B2
184,-0.574,V,12B2
185,-0.309,P,12B2
186,-0.324,T,12B2
187,-0.339,I,12B2
188,-0.231,D,12B2
189,0.189,K,12B2
190,-0.165,I,12B2
191,1.557,S,12B2
192,0.462,C,12B2
193,0.765,K,12B2
194,0.267,Q,12B2
195,-0.41,T,12B2
196,0.902,E,12B2
197,0.132,L,12B2
198,-0.227,S,12B2
199,-0.581,L,12B2
200,-0.472,D,12B2
201,-0.074,L,12B2
202,-0.048,A,12B2
203,-0.032,L,12B2
204,-0.028,S,12B2
205,-0.015,K,12B2
206,-0.226,Y,12B2
207,-0.088,L,12B2
208,-0.016,S,12B2
209,-0.028,D,12B2
210,-0.051,L,12B2
211,-0.07,L,12B2
212,-0.208,F,12B2
213,-0.023,V,12B2
214,0.075,F,12B2
215,-0.044,G,12B2
216,-0.041,P,12B2
217,0.034,N,12B2
218,-0.032,L,12B2
219,-0.015,Q,12B2
220,0.033,D,12B2
221,0.005,P,12B2
222,0.043,V,12B2
223,-0.115,S,12B2
224,0.006,N,12B2
225,-0.062,S,12B2
226,0.045,M,12B2
227,0.01,T,12B2
228,0.113,I,12B2
229,-0.257,Q,12B2
230,0.008,A,12B2
231,0.001,I,12B2
232,-0.08,S,12B2
233,-0.002,Q,12B2
234,0.036,A,12B2
235,-0.296,F,12B2
236,-0.008,G,12B2
237,-0.044,G,12B2
238,-0.023,N,12B2
239,-0.012,Y,12B2
240,-0.072,E,12B2
241,0.019,T,12B2
242,-0.063,L,12B2
243,-0.062,L,12B2
244,-0.06,R,12B2
245,-0.035,T,12B2
246,0.001,L,12B2
247,-0.037,G,12B2
248,-0.103,Y,12B2
249,-0.013,A,12B2
250,-0.069,T,12B2
251,-0.036,E,12B2
252,0.02,D,12B2
253,0.028,F,12B2
254,-0.044,D,12B2
255,-0.064,D,12B2
256,-0.078,L,12B2
257,-0.12,L,12B2
258,-0.169,E,12B2
259,-0.231,S,12B2
260,0.081,D,12B2
261,-0.107,S,12B2
262,-0.1,I,12B2
263,-0.045,T,12B2
264,-0.015,G,12B2
265,-0.085,Q,12B2
266,0.072,I,12B2
267,-0.048,I,12B2
268,-0.013,Y,12B2
269,0.01,V,12B2
270,-0.048,D,12B2
271,0.04,L,12B2
272,-0.01,S,12B2
273,0.058,S,12B2
274,0.038,Y,12B2
275,-0.003,Y,12B2
276,0.027,I,12B2
277,-0.099,I,12B2
278,-0.085,V,12B2
279,-0.135,R,12B2
280,-0.007,V,12B2
281,-0.079,Y,12B2
282,-0.08,F,12B2
283,-0.004,P,12B2
284,-0.031,I,12B2
285,-0.04,L,12B2
286,0.001,T,12B2
287,0.049,E,12B2
288,-0.061,I,12B2
289,0.016,Q,12B2
290,0.008,Q,12B2
291,-0.066,A,12B2
292,-0.055,Y,12B2
293,0.027,I,12B2
294,-0.043,Q,12B2
295,-0.074,E,12B2
296,-0.056,L,12B2
297,0.02,L,12B2
298,0.01,P,12B2
299,-0.03,V,12B2
300,-0.052,S,12B2
301,-0.052,F,12B2
302,-0.031,N,12B2
303,0.027,N,12B2
304,-0.149,D,12B2
305,0.009,N,12B2
306,-0.086,S,12B2
307,0.005,E,12B2
308,-1.11,W,12B2
309,0.007,I,12B2
310,0.008,S,12B2
311,-0.092,I,12B2
312,-0.093,V,12B2
313,-0.11,P,12B2
314,-0.006,N,12B2
315,-0.031,F,12B2
316,0.068,I,12B2
317,-0.07,L,12B2
318,-0.145,V,12B2
320,-0.009,N,12B2
321,-0.095,T,12B2
322,-0.074,L,12B2
323,-0.001,I,12B2
324,-0.077,S,12B2
325,-0.113,N,12B2
326,0.022,I,12B2
327,-0.047,E,12B2
328,0.012,I,12B2
329,0.029,G,12B2
330,-0.031,F,12B2
332,-0.097,L,12B2
333,-0.015,I,12B2
334,0.003,T,12B2
335,0.041,K,12B2
336,-0.015,R,12B2
337,-0.063,S,12B2
338,-0.045,V,12B2
339,-0.069,I,12B2
340,-0.085,C,12B2
341,-0.088,N,12B2
342,-0.003,Q,12B2
343,0.053,D,12B2
344,-0.046,Y,12B2
345,-0.065,A,12B2
346,-0.064,T,12B2
347,-0.091,P,12B2
348,-0.173,M,12B2
349,-0.07,T,12B2
350,0.005,N,12B2
351,0.009,N,12B2
352,-0.027,M,12B2
353,-0.009,R,12B2
354,0.026,E,12B2
356,-0.116,L,12B2
357,-0.089,T,12B2
358,-0.082,G,12B2
359,-0.001,S,12B2
360,-0.208,T,12B2
361,-0.033,E,12B2
362,-0.107,K,12B2
364,-0.012,P,12B2
365,-0.167,R,12B2
366,-0.038,E,12B2
367,-0.045,L,12B2
368,0.011,V,12B2
369,-0.155,V,12B2
370,-0.078,S,12B2
371,-0.013,S,12B2
372,-0.059,H,12B2
373,-0.037,V,12B2
374,0.054,P,12B2
375,-0.237,R,12B2
376,-0.042,F,12B2
377,0.024,A,12B2
378,-0.043,L,12B2
379,-0.025,S,12B2
380,-0.003,N,12B2
381,0.032,G,12B2
382,0.034,V,12B2
383,-0.034,L,12B2
384,-0.056,F,12B2
385,-0.086,A,12B2
388,-0.18,I,12B2
389,-0.018,S,12B2
390,-0.017,V,12B2
391,-0.103,T,12B2
393,-0.11,Q,12B2
395,-0.078,Q,12B2
396,0.003,T,12B2
397,-0.008,T,12B2
398,-0.122,G,12B2
399,-0.106,R,12B2
400,-0.002,A,12B2
401,-0.104,I,12B2
402,-0.104,S,12B2
403,-0.338,Q,12B2
404,-0.101,S,12B2
405,-0.115,G,12B2
406,-0.121,E,12B2
407,-0.02,Q,12B2
408,-0.16,T,12B2
409,-0.005,L,12B2
410,-0.018,L,12B2
411,-0.047,M,12B2
412,-0.012,I,12B2
414,-0.017,N,12B2
415,0.021,T,12B2
416,0.024,T,12B2
418,-0.033,P,12B2
419,-0.008,T,12B2
420,-0.062,A,12B2
421,-0.098,V,12B2
422,-0.045,L,12B2
423,0.05,G,12B2
424,0.027,N,12B2
425,-0.086,V,12B2
426,-0.053,I,12B2
427,-0.045,I,12B2
428,-0.055,S,12B2
429,-0.034,L,12B2
430,-0.043,G,12B2
431,-0.077,K,12B2
432,-0.009,Y,12B2
433,0.01,L,12B2
434,0.107,G,12B2
435,-0.059,S,12B2
436,0.01,V,12B2
437,-0.017,N,12B2
438,-0.046,Y,12B2
439,-0.181,N,12B2
440,0.008,S,12B2
441,-0.037,E,12B2
442,-0.033,G,12B2
443,-0.003,I,12B2
444,0.02,A,12B2
445,-0.011,I,12B2
446,-0.174,G,12B2
447,-0.138,P,12B2
448,0.042,P,12B2
449,-0.175,V,12B2
450,-0.139,F,12B2
451,-0.004,T,12B2
452,-0.231,D,12B2
453,-0.043,K,12B2
454,-0.197,V,12B2
455,-0.012,D,12B2
456,-0.108,I,12B2
457,0.018,S,12B2
458,-0.084,S,12B2
459,-0.048,Q,12B2
460,-0.002,I,12B2
461,-0.077,S,12B2
462,-0.011,S,12B2
463,0.034,M,12B2
464,-0.008,N,12B2
465,0.012,Q,12B2
466,-0.006,S,12B2
467,-0.149,L,12B2
468,-0.027,Q,12B2
469,-0.055,Q,12B2
470,-0.106,S,12B2
471,-0.093,K,12B2
472,-0.053,D,12B2
473,-0.025,Y,12B2
474,-0.189,I,12B2
475,0.01,K,12B2
476,-0.087,E,12B2
477,-0.094,A,12B2
478,-0.05,Q,12B2
479,0.009,R,12B2
480,-0.118,L,12B2
481,-0.112,L,12B2
29,-0.059,H,2D3
30,-0.015,Y,2D3
31,-0.099,E,2D3
32,-0.045,K,2D3
33,-0.026,L,2D3
34,-0.007,S,2D3
35,-0.117,K,2D3
36,0.058,I,2D3
38,-0.097,L,2D3
39,-0.064,V,2D3
40,-0.047,K,2D3
41,-0.075,G,2D3
42,-0.049,V,2D3
43,-0.03,T,2D3
44,-0.008,R,2D3
45,-0.045,K,2D3
46,-0.084,Y,2D3
47,-0.11,K,2D3
48,-0.082,I,2D3
49,-0.136,K,2D3
50,-0.036,S,2D3
51,0.004,N,2D3
52,-0.024,P,2D3
53,-0.061,L,2D3
54,-0.013,T,2D3
55,0.132,K,2D3
56,0.046,D,2D3
57,-0.132,I,2D3
58,0.057,V,2D3
59,0.071,I,2D3
60,-0.007,K,2D3
61,-0.065,M,2D3
62,-0.01,I,2D3
63,0.032,P,2D3
64,-0.178,N,2D3
65,-0.061,V,2D3
66,-0.145,S,2D3
67,-0.965,N,2D3
68,-0.172,M,2D3
69,-0.704,S,2D3
70,-0.063,Q,2D3
72,-0.047,T,2D3
73,-0.051,G,2D3
74,-0.02,S,2D3
75,0.007,V,2D3
76,-0.09,M,2D3
77,-0.014,E,2D3
78,0.014,N,2D3
79,-0.004,Y,2D3
80,-0.01,K,2D3
81,-0.014,T,2D3
83,-0.18,L,2D3
84,-0.022,N,2D3
85,0.032,G,2D3
86,-0.158,I,2D3
87,0.02,L,2D3
88,0.005,T,2D3
89,0.028,P,2D3
90,0.061,I,2D3
91,0.008,K,2D3
92,0.024,G,2D3
93,-0.009,A,2D3
94,0.021,L,2D3
95,0.036,E,2D3
96,0.024,I,2D3
97,-0.023,Y,2D3
98,-0.006,K,2D3
99,-0.067,N,2D3
100,0.01,N,2D3
101,-0.013,T,2D3
102,-0.035,H,2D3
103,-0.002,D,2D3
104,-0.109,L,2D3
105,-0.088,V,2D3
106,-0.082,G,2D3
107,-0.036,D,2D3
108,-0.108,V,2D3
109,-0.114,R,2D3
110,-0.018,L,2D3
111,-0.036,A,2D3
112,-0.133,G,2D3
113,-0.025,V,2D3
114,-0.051,I,2D3
115,-0.062,M,2D3
116,-0.033,A,2D3
117,0.027,G,2D3
118,-0.0,V,2D3
119,-0.069,A,2D3
120,0.024,I,2D3
121,-0.037,G,2D3
122,-0.062,I,2D3
123,0.011,A,2D3
124,-0.035,T,2D3
125,-0.161,A,2D3
126,-0.164,A,2D3
127,-0.102,Q,2D3
128,-0.014,I,2D3
129,-0.072,T,2D3
130,0.003,A,2D3
131,-0.069,G,2D3
132,-0.111,V,2D3
133,-0.075,A,2D3
134,0.023,L,2D3
135,0.042,Y,2D3
136,0.024,E,2D3
137,-0.014,A,2D3
138,-0.021,M,2D3
139,-0.068,K,2D3
140,0.071,N,2D3
141,0.092,A,2D3
142,0.021,D,2D3
143,0.155,N,2D3
144,-0.004,I,2D3
145,0.194,N,2D3
146,-0.185,K,2D3
147,0.189,L,2D3
148,-0.015,K,2D3
149,-0.029,S,2D3
150,0.184,S,2D3
151,-0.076,I,2D3
152,0.005,E,2D3
153,0.018,S,2D3
154,-0.056,T,2D3
155,0.043,N,2D3
156,0.052,E,2D3
157,-0.302,A,2D3
158,-0.114,V,2D3
159,0.212,V,2D3
160,0.726,K,2D3
161,-0.025,L,2D3
162,1.5,Q,2D3
163,0.512,E,2D3
164,1.052,T,2D3
165,0.974,A,2D3
166,0.298,E,2D3
167,0.339,K,2D3
168,1.558,T,2D3
169,0.575,V,2D3
170,0.177,Y,2D3
171,0.414,V,2D3
172,-0.082,L,2D3
173,-0.088,T,2D3
174,0.062,A,2D3
175,0.028,L,2D3
177,-0.052,D,2D3
178,0.013,Y,2D3
179,-0.011,I,2D3
180,-0.028,N,2D3
181,-0.12,T,2D3
182,-0.012,N,2D3
183,-0.085,L,2D3
184,-0.091,V,2D3
185,-0.053,P,2D3
186,0.022,T,2D3
187,-0.035,I,2D3
188,-0.067,D,2D3
189,0.098,K,2D3
190,-0.003,I,2D3
191,0.012,S,2D3
192,-0.212,C,2D3
193,-0.044,K,2D3
194,-0.07,Q,2D3
195,-0.006,T,2D3
196,0.021,E,2D3
197,-0.014,L,2D3
198,0.043,S,2D3
199,-0.039,L,2D3
200,-0.026,D,2D3
201,-0.019,L,2D3
202,0.033,A,2D3
203,-0.034,L,2D3
204,-0.043,S,2D3
205,0.03,K,2D3
206,-0.129,Y,2D3
207,0.006,L,2D3
208,0.017,S,2D3
209,0.042,D,2D3
210,-0.065,L,2D3
211,0.029,L,2D3
212,-0.09,F,2D3
213,0.006,V,2D3
214,-0.031,F,2D3
215,0.151,G,2D3
216,0.026,P,2D3
217,-0.001,N,2D3
218,0.059,L,2D3
219,0.015,Q,2D3
220,-0.038,D,2D3
221,-0.039,P,2D3
222,-0.029,V,2D3
223,-0.035,S,2D3
224,0.028,N,2D3
225,0.003,S,2D3
226,0.05,M,2D3
227,-0.044,T,2D3
228,0.065,I,2D3
229,0.096,Q,2D3
230,0.007,A,2D3
231,-0.019,I,2D3
232,0.046,S,2D3
233,-0.002,Q,2D3
234,-0.008,A,2D3
235,-0.043,F,2D3
236,0.019,G,2D3
237,-0.005,G,2D3
238,0.016,N,2D3
239,-0.012,Y,2D3
240,-0.034,E,2D3
241,-0.023,T,2D3
242,0.033,L,2D3
243,0.089,L,2D3
244,0.045,R,2D3
245,0.241,T,2D3
246,0.13,L,2D3
247,0.034,G,2D3
248,0.013,Y,2D3
249,0.037,A,2D3
250,-0.035,T,2D3
251,-0.012,E,2D3
252,0.037,D,2D3
253,0.018,F,2D3
254,0.005,D,2D3
255,-0.014,D,2D3
256,-0.009,L,2D3
257,0.08,L,2D3
258,-0.045,E,2D3
259,0.077,S,2D3
260,-0.013,D,2D3
261,-0.105,S,2D3
262,-0.048,I,2D3
263,-0.031,T,2D3
264,0.143,G,2D3
265,-0.061,Q,2D3
266,-0.01,I,2D3
267,-0.023,I,2D3
268,0.06,Y,2D3
269,-0.027,V,2D3
270,-0.08,D,2D3
271,0.018,L,2D3
272,0.023,S,2D3
273,0.066,S,2D3
274,-0.011,Y,2D3
275,0.029,Y,2D3
276,0.01,I,2D3
277,0.02,I,2D3
278,0.017,V,2D3
279,-0.037,R,2D3
280,0.071,V,2D3
281,-0.018,Y,2D3
282,0.023,F,2D3
283,-0.023,P,2D3
284,-0.007,I,2D3
285,0.017,L,2D3
286,-0.013,T,2D3
287,-0.019,E,2D3
288,-0.071,I,2D3
289,-0.048,Q,2D3
290,-0.009,Q,2D3
291,-0.005,A,2D3
292,-0.05,Y,2D3
293,0.009,I,2D3
294,-0.048,Q,2D3
295,-0.042,E,2D3
296,0.001,L,2D3
297,-0.015,L,2D3
298,-0.002,P,2D3
299,-0.014,V,2D3
300,-0.067,S,2D3
301,-0.029,F,2D3
302,-0.045,N,2D3
303,-0.023,N,2D3
304,-0.082,D,2D3
305,-0.024,N,2D3
306,-0.03,S,2D3
307,-0.053,E,2D3
308,-0.115,W,2D3
309,-0.004,I,2D3
310,-0.025,S,2D3
311,-0.067,I,2D3
312,-0.069,V,2D3
313,-0.045,P,2D3
314,-0.008,N,2D3
315,-0.014,F,2D3
316,0.026,I,2D3
317,-0.028,L,2D3
318,-0.07,V,2D3
320,-0.001,N,2D3
321,-0.052,T,2D3
322,0.005,L,2D3
323,-0.028,I,2D3
324,-0.035,S,2D3
325,-0.062,N,2D3
326,-0.03,I,2D3
327,-0.047,E,2D3
328,-0.01,I,2D3
329,0.028,G,2D3
330,-0.014,F,2D3
332,-0.097,L,2D3
333,-0.031,I,2D3
334,0.041,T,2D3
335,0.029,K,2D3
336,-0.062,R,2D3
337,-0.066,S,2D3
338,-0.005,V,2D3
339,0.0,I,2D3
340,-0.071,C,2D3
341,-0.013,N,2D3
342,0.009,Q,2D3
343,-0.092,D,2D3
344,-0.013,Y,2D3
345,-0.008,A,2D3
346,-0.011,T,2D3
347,0.011,P,2D3
348,-0.11,M,2D3
349,-0.021,T,2D3
350,-0.019,N,2D3
351,-0.019,N,2D3
352,-0.058,M,2D3
353,-0.039,R,2D3
354,0.013,E,2D3
356,-0.006,L,2D3
357,-0.023,T,2D3
358,-0.087,G,2D3
359,0.018,S,2D3
360,-0.101,T,2D3
361,-0.009,E,2D3
362,0.007,K,2D3
364,-0.03,P,2D3
365,0.001,R,2D3
366,-0.037,E,2D3
367,-0.034,L,2D3
368,-0.01,V,2D3
369,-0.071,V,2D3
370,-0.022,S,2D3
371,-0.078,S,2D3
372,-0.048,H,2D3
373,-0.025,V,2D3
374,-0.03,P,2D3
375,-0.111,R,2D3
376,0.051,F,2D3
377,-0.004,A,2D3
378,0.03,L,2D3
379,-0.089,S,2D3
380,-0.038,N,2D3
381,-0.028,G,2D3
382,-0.009,V,2D3
383,-0.006,L,2D3
384,-0.034,F,2D3
385,-0.096,A,2D3
388,-0.059,I,2D3
389,-0.023,S,2D3
390,0.001,V,2D3
391,-0.119,T,2D3
393,-0.049,Q,2D3
395,-0.022,Q,2D3
396,-0.027,T,2D3
397,-0.028,T,2D3
398,-0.006,G,2D3
399,-0.084,R,2D3
400,-0.045,A,2D3
401,-0.023,I,2D3
402,-0.124,S,2D3
403,-0.019,Q,2D3
404,-0.064,S,2D3
405,-0.098,G,2D3
406,-0.023,E,2D3
407,0.043,Q,2D3
408,-0.006,T,2D3
409,-0.062,L,2D3
410,-0.036,L,2D3
411,0.056,M,2D3
412,0.026,I,2D3
414,0.002,N,2D3
415,0.006,T,2D3
416,-0.193,T,2D3
418,-0.002,P,2D3
419,-0.074,T,2D3
420,-0.037,A,2D3
421,-0.134,V,2D3
422,0.002,L,2D3
423,-0.0,G,2D3
424,-0.034,N,2D3
425,-0.024,V,2D3
426,-0.088,I,2D3
427,-0.01,I,2D3
428,-0.033,S,2D3
429,-0.008,L,2D3
430,-0.022,G,2D3
431,-0.028,K,2D3
432,0.018,Y,2D3
433,0.003,L,2D3
434,0.009,G,2D3
435,-0.022,S,2D3
436,0.023,V,2D3
437,-0.001,N,2D3
438,0.025,Y,2D3
439,-0.086,N,2D3
440,0.002,S,2D3
441,-0.025,E,2D3
442,-0.039,G,2D3
443,0.024,I,2D3
444,-0.014,A,2D3
445,0.014,I,2D3
446,-0.147,G,2D3
447,-0.01,P,2D3
448,0.028,P,2D3
449,-0.014,V,2D3
450,-0.069,F,2D3
451,-0.12,T,2D3
452,-0.048,D,2D3
453,-0.004,K,2D3
454,0.009,V,2D3
455,-0.03,D,2D3
456,0.014,I,2D3
457,-0.037,S,2D3
458,-0.057,S,2D3
459,-0.026,Q,2D3
460,0.067,I,2D3
461,-0.043,S,2D3
462,0.005,S,2D3
463,-0.006,M,2D3
464,-0.007,N,2D3
465,0.032,Q,2D3
466,-0.063,S,2D3
467,-0.043,L,2D3
468,-0.06,Q,2D3
469,-0.052,Q,2D3
470,-0.033,S,2D3
471,-0.024,K,2D3
472,-0.032,D,2D3
473,-0.052,Y,2D3
474,-0.08,I,2D3
475,-0.013,K,2D3
476,-0.054,E,2D3
477,-0.084,A,2D3
478,-0.077,Q,2D3
479,-0.024,R,2D3
480,-0.096,L,2D3
481,-0.092,L,2D3
29,-0.257,H,4H3
30,-0.019,Y,4H3
31,-0.638,E,4H3
32,0.038,K,4H3
33,-0.111,L,4H3
34,-0.064,S,4H3
35,-0.096,K,4H3
36,0.021,I,4H3
38,-0.093,L,4H3
39,-0.177,V,4H3
40,-0.15,K,4H3
41,-0.164,G,4H3
42,0.01,V,4H3
43,-0.023,T,4H3
44,-0.145,R,4H3
45,-0.075,K,4H3
46,-0.007,Y,4H3
47,0.034,K,4H3
48,-0.038,I,4H3
49,-0.219,K,4H3
50,-0.016,S,4H3
51,0.003,N,4H3
52,-0.056,P,4H3
53,-0.097,L,4H3
54,0.024,T,4H3
55,0.005,K,4H3
56,-0.109,D,4H3
57,-0.043,I,4H3
58,-0.537,V,4H3
59,-0.268,I,4H3
60,0.309,K,4H3
61,-0.028,M,4H3
62,0.572,I,4H3
63,-0.25,P,4H3
64,0.24,N,4H3
65,0.983,V,4H3
66,0.086,S,4H3
67,-0.445,N,4H3
68,0.547,M,4H3
69,0.935,S,4H3
70,1.831,Q,4H3
72,1.108,T,4H3
73,1.256,G,4H3
74,0.028,S,4H3
75,0.125,V,4H3
76,0.458,M,4H3
77,1.224,E,4H3
78,0.021,N,4H3
79,0.349,Y,4H3
80,0.985,K,4H3
81,0.006,T,4H3
83,-0.07,L,4H3
84,-0.066,N,4H3
85,-0.006,G,4H3
86,-0.164,I,4H3
87,0.072,L,4H3
88,-0.004,T,4H3
89,-0.189,P,4H3
90,-0.173,I,4H3
91,-0.093,K,4H3
92,-0.048,G,4H3
93,-0.029,A,4H3
94,0.013,L,4H3
95,-0.088,E,4H3
96,-0.044,I,4H3
97,-0.134,Y,4H3
98,-0.064,K,4H3
99,-0.358,N,4H3
100,-0.132,N,4H3
101,-0.236,T,4H3
102,-0.072,H,4H3
103,-0.024,D,4H3
104,-0.103,L,4H3
105,-0.119,V,4H3
106,0.051,G,4H3
107,-0.056,D,4H3
108,-0.085,V,4H3
109,-0.055,R,4H3
110,-0.071,L,4H3
111,-0.111,A,4H3
112,0.001,G,4H3
113,-0.035,V,4H3
114,0.029,I,4H3
115,-0.136,M,4H3
116,-0.062,A,4H3
117,-0.082,G,4H3
118,-0.068,V,4H3
119,-0.249,A,4H3
120,-0.131,I,4H3
121,-0.134,G,4H3
122,-0.051,I,4H3
123,-0.29,A,4H3
124,-0.082,T,4H3
125,-0.144,A,4H3
126,-0.058,A,4H3
127,-0.126,Q,4H3
128,0.014,I,4H3
129,-0.207,T,4H3
130,0.119,A,4H3
131,0.035,G,4H3
132,-0.063,V,4H3
133,-0.06,A,4H3
134,0.044,L,4H3
135,-0.009,Y,4H3
136,-0.164,E,4H3
137,-0.303,A,4H3
138,-0.271,M,4H3
139,-0.039,K,4H3
140,-0.106,N,4H3
141,-0.271,A,4H3
142,-0.078,D,4H3
143,-0.036,N,4H3
144,0.062,I,4H3
145,-0.021,N,4H3
146,0.031,K,4H3
147,-0.011,L,4H3
148,0.052,K,4H3
149,0.004,S,4H3
150,-0.037,S,4H3
151,0.015,I,4H3
152,1.106,E,4H3
153,0.062,S,4H3
154,-0.175,T,4H3
155,-0.111,N,4H3
156,-0.068,E,4H3
157,0.114,A,4H3
158,-0.106,V,4H3
159,-0.106,V,4H3
160,-0.009,K,4H3
161,-0.17,L,4H3
162,-0.091,Q,4H3
163,-0.1,E,4H3
164,-0.106,T,4H3
165,-0.112,A,4H3
166,-0.131,E,4H3
167,-0.087,K,4H3
168,-0.025,T,4H3
169,-0.094,V,4H3
170,-0.109,Y,4H3
171,0.037,V,4H3
172,-0.035,L,4H3
173,-0.064,T,4H3
174,-0.03,A,4H3
175,-0.091,L,4H3
177,-0.013,D,4H3
178,-0.085,Y,4H3
179,-0.19,I,4H3
180,0.316,N,4H3
181,-0.083,T,4H3
182,-0.041,N,4H3
183,-0.181,L,4H3
184,0.384,V,4H3
185,0.075,P,4H3
186,-0.039,T,4H3
187,0.27,I,4H3
188,0.077,D,4H3
189,0.11,K,4H3
190,-0.028,I,4H3
191,-0.094,S,4H3
192,0.906,C,4H3
193,0.173,K,4H3
194,-0.059,Q,4H3
195,0.216,T,4H3
196,0.257,E,4H3
197,0.074,L,4H3
198,-0.045,S,4H3
199,0.079,L,4H3
200,-0.133,D,4H3
201,0.32,L,4H3
202,0.063,A,4H3
203,-0.022,L,4H3
204,-0.04,S,4H3
205,-0.034,K,4H3
206,-0.073,Y,4H3
207,-0.057,L,4H3
208,0.051,S,4H3
209,-0.042,D,4H3
210,-0.168,L,4H3
211,0.04,L,4H3
212,0.066,F,4H3
213,-0.093,V,4H3
214,-0.012,F,4H3
215,0.052,G,4H3
216,0.007,P,4H3
217,0.028,N,4H3
218,-0.019,L,4H3
219,-0.04,Q,4H3
220,-0.152,D,4H3
221,-0.207,P,4H3
222,0.052,V,4H3
223,-0.028,S,4H3
224,-0.095,N,4H3
225,-0.037,S,4H3
226,-0.041,M,4H3
227,-0.045,T,4H3
228,-0.139,I,4H3
229,-0.087,Q,4H3
230,0.014,A,4H3
231,-0.053,I,4H3
232,-0.115,S,4H3
233,-0.055,Q,4H3
234,-0.059,A,4H3
235,-0.142,F,4H3
236,-0.017,G,4H3
237,-0.29,G,4H3
238,0.053,N,4H3
239,0.01,Y,4H3
240,-0.238,E,4H3
241,-0.075,T,4H3
242,0.03,L,4H3
243,-0.189,L,4H3
244,-0.047,R,4H3
245,-0.027,T,4H3
246,-0.227,L,4H3
247,-0.113,G,4H3
248,0.004,Y,4H3
249,-0.027,A,4H3
250,-0.148,T,4H3
251,-0.021,E,4H3
252,0.036,D,4H3
253,0.016,F,4H3
254,-0.079,D,4H3
255,0.034,D,4H3
256,-0.074,L,4H3
257,0.017,L,4H3
258,-0.006,E,4H3
259,0.028,S,4H3
260,0.002,D,4H3
261,-0.204,S,4H3
262,-0.082,I,4H3
263,-0.042,T,4H3
264,0.05,G,4H3
265,-0.113,Q,4H3
266,-0.025,I,4H3
267,-0.025,I,4H3
268,-0.114,Y,4H3
269,-0.153,V,4H3
270,-0.132,D,4H3
271,0.025,L,4H3
272,-0.016,S,4H3
273,1.128,S,4H3
274,0.375,Y,4H3
275,0.131,Y,4H3
276,0.005,I,4H3
277,-0.154,I,4H3
278,-0.188,V,4H3
279,-0.066,R,4H3
280,-0.051,V,4H3
281,-0.04,Y,4H3
282,0.086,F,4H3
283,-0.109,P,4H3
284,-0.004,I,4H3
285,-0.032,L,4H3
286,0.002,T,4H3
287,0.022,E,4H3
288,-0.037,I,4H3
289,-0.022,Q,4H3
290,-0.03,Q,4H3
291,-0.106,A,4H3
292,-0.037,Y,4H3
293,0.046,I,4H3
294,-0.018,Q,4H3
295,-0.109,E,4H3
296,-0.132,L,4H3
297,-0.173,L,4H3
298,-0.136,P,4H3
299,0.007,V,4H3
300,-0.047,S,4H3
301,0.002,F,4H3
302,-0.165,N,4H3
303,0.014,N,4H3
304,-0.186,D,4H3
305,0.002,N,4H3
306,-0.058,S,4H3
307,-0.223,E,4H3
308,-0.655,W,4H3
309,0.007,I,4H3
310,-0.019,S,4H3
311,-0.112,I,4H3
312,-0.123,V,4H3
313,-0.172,P,4H3
314,0.023,N,4H3
315,-0.139,F,4H3
316,-0.014,I,4H3
317,-0.197,L,4H3
318,-0.072,V,4H3
320,-0.024,N,4H3
321,-0.095,T,4H3
322,0.103,L,4H3
323,-0.071,I,4H3
324,-0.077,S,4H3
325,-0.057,N,4H3
326,-0.072,I,4H3
327,-0.089,E,4H3
328,-0.033,I,4H3
329,-0.063,G,4H3
330,-0.06,F,4H3
332,-0.104,L,4H3
333,-0.041,I,4H3
334,-0.021,T,4H3
335,-0.053,K,4H3
336,-0.088,R,4H3
337,0.022,S,4H3
338,0.006,V,4H3
339,-0.129,I,4H3
340,-0.102,C,4H3
341,-0.026,N,4H3
342,-0.035,Q,4H3
343,-0.105,D,4H3
344,-0.198,Y,4H3
345,-0.176,A,4H3
346,-0.012,T,4H3
347,-0.107,P,4H3
348,-0.121,M,4H3
349,-0.049,T,4H3
350,-0.045,N,4H3
351,-0.085,N,4H3
352,-0.167,M,4H3
353,-0.031,R,4H3
354,-0.02,E,4H3
356,-0.018,L,4H3
357,-0.135,T,4H3
358,-0.091,G,4H3
359,0.035,S,4H3
360,-0.086,T,4H3
361,-0.11,E,4H3
362,-0.023,K,4H3
364,-0.123,P,4H3
365,-0.122,R,4H3
366,-0.218,E,4H3
367,-0.011,L,4H3
368,0.001,V,4H3
369,-0.17,V,4H3
370,-0.035,S,4H3
371,-0.135,S,4H3
372,-0.052,H,4H3
373,0.01,V,4H3
374,-0.074,P,4H3
375,0.006,R,4H3
376,-0.025,F,4H3
377,-0.042,A,4H3
378,0.01,L,4H3
379,-0.059,S,4H3
380,-0.054,N,4H3
381,0.016,G,4H3
382,-0.327,V,4H3
383,-0.022,L,4H3
384,0.081,F,4H3
385,-0.091,A,4H3
388,-0.754,I,4H3
389,-0.046,S,4H3
390,0.043,V,4H3
391,0.021,T,4H3
393,-0.167,Q,4H3
395,0.004,Q,4H3
396,-0.041,T,4H3
397,0.048,T,4H3
398,-0.139,G,4H3
399,-0.046,R,4H3
400,-0.064,A,4H3
401,0.011,I,4H3
402,-0.035,S,4H3
403,-0.108,Q,4H3
404,-0.113,S,4H3
405,-0.125,G,4H3
406,-0.128,E,4H3
407,0.006,Q,4H3
408,-0.089,T,4H3
409,-0.159,L,4H3
410,-0.226,L,4H3
411,-0.112,M,4H3
412,-0.285,I,4H3
414,-0.178,N,4H3
415,-0.04,T,4H3
416,-0.153,T,4H3
418,-0.058,P,4H3
419,-0.037,T,4H3
420,-0.017,A,4H3
421,-0.211,V,4H3
422,0.031,L,4H3
423,0.019,G,4H3
424,-0.018,N,4H3
425,0.011,V,4H3
426,-0.059,I,4H3
427,-0.032,I,4H3
428,0.009,S,4H3
429,-0.114,L,4H3
430,0.01,G,4H3
431,0.062,K,4H3
432,-0.049,Y,4H3
433,-0.007,L,4H3
434,0.018,G,4H3
435,-0.031,S,4H3
436,-0.029,V,4H3
437,-0.072,N,4H3
438,-0.158,Y,4H3
439,-0.288,N,4H3
440,0.018,S,4H3
441,-0.1,E,4H3
442,-0.019,G,4H3
443,0.033,I,4H3
444,0.002,A,4H3
445,-0.002,I,4H3
446,-0.773,G,4H3
447,-0.126,P,4H3
448,0.009,P,4H3
449,-0.182,V,4H3
450,0.02,F,4H3
451,-0.229,T,4H3
452,-0.261,D,4H3
453,-0.032,K,4H3
454,-0.097,V,4H3
455,-0.097,D,4H3
456,-0.143,I,4H3
457,-0.234,S,4H3
458,-0.022,S,4H3
459,-0.174,Q,4H3
460,0.117,I,4H3
461,-0.04,S,4H3
462,-0.041,S,4H3
463,-0.039,M,4H3
464,-0.199,N,4H3
465,-0.046,Q,4H3
466,-0.15,S,4H3
467,-0.169,L,4H3
468,-0.124,Q,4H3
469,-0.235,Q,4H3
470,-0.142,S,4H3
471,-0.079,K,4H3
472,0.028,D,4H3
473,-0.028,Y,4H3
474,-0.333,I,4H3
475,-0.068,K,4H3
476,-0.202,E,4H3
477,-0.286,A,4H3
478,-0.027,Q,4H3
479,0.003,R,4H3
480,-0.142,L,4H3
481,-0.085,L,4H3
29,-0.177,H,1A9
30,-0.005,Y,1A9
31,-0.165,E,1A9
32,-0.002,K,1A9
33,-0.258,L,1A9
34,-0.175,S,1A9
35,-0.044,K,1A9
36,-0.205,I,1A9
38,-0.038,L,1A9
39,-0.259,V,1A9
40,-0.09,K,1A9
41,-0.514,G,1A9
42,0.203,V,1A9
43,0.887,T,1A9
44,0.078,R,1A9
45,1.458,K,1A9
46,0.085,Y,1A9
47,0.697,K,1A9
48,0.086,I,1A9
49,-0.375,K,1A9
50,-0.089,S,1A9
51,-0.062,N,1A9
52,0.053,P,1A9
53,-0.189,L,1A9
54,0.107,T,1A9
55,0.097,K,1A9
56,-0.212,D,1A9
57,-0.29,I,1A9
58,-0.219,V,1A9
59,0.021,I,1A9
60,-0.329,K,1A9
61,-0.204,M,1A9
62,-0.055,I,1A9
63,-0.363,P,1A9
64,-0.187,N,1A9
65,-0.127,V,1A9
66,-0.055,S,1A9
67,-0.21,N,1A9
68,-0.104,M,1A9
69,-0.128,S,1A9
70,0.069,Q,1A9
72,-0.006,T,1A9
73,-0.055,G,1A9
74,0.021,S,1A9
75,-0.03,V,1A9
76,-0.312,M,1A9
77,-0.026,E,1A9
78,0.079,N,1A9
79,0.01,Y,1A9
80,-0.172,K,1A9
81,-0.054,T,1A9
83,0.037,L,1A9
84,-0.004,N,1A9
85,-0.036,G,1A9
86,-0.022,I,1A9
87,-0.154,L,1A9
88,-0.016,T,1A9
89,0.118,P,1A9
90,-0.308,I,1A9
91,-0.029,K,1A9
92,1.517,G,1A9
93,-0.085,A,1A9
94,-0.127,L,1A9
95,-0.232,E,1A9
96,0.044,I,1A9
97,-0.16,Y,1A9
98,0.098,K,1A9
99,-1.214,N,1A9
100,-0.244,N,1A9
101,-0.99,T,1A9
102,-0.075,H,1A9
103,0.014,D,1A9
104,-0.107,L,1A9
105,-0.083,V,1A9
106,-0.162,G,1A9
107,-0.102,D,1A9
108,-0.11,V,1A9
109,-0.097,R,1A9
110,-0.155,L,1A9
111,-0.202,A,1A9
112,-0.182,G,1A9
113,0.024,V,1A9
114,0.093,I,1A9
115,-0.132,M,1A9
116,-0.001,A,1A9
117,-0.292,G,1A9
118,0.007,V,1A9
119,-0.177,A,1A9
120,-0.052,I,1A9
121,-0.314,G,1A9
122,-0.029,I,1A9
123,-0.131,A,1A9
124,0.028,T,1A9
125,-0.173,A,1A9
126,-0.183,A,1A9
127,-0.632,Q,1A9
128,0.119,I,1A9
129,-0.113,T,1A9
130,0.067,A,1A9
131,-0.065,G,1A9
132,-0.025,V,1A9
133,-0.01,A,1A9
134,-0.148,L,1A9
135,-0.038,Y,1A9
136,-0.056,E,1A9
137,-0.148,A,1A9
138,-0.035,M,1A9
139,-0.093,K,1A9
140,0.048,N,1A9
141,-0.146,A,1A9
142,-0.037,D,1A9
143,-0.06,N,1A9
144,-0.257,I,1A9
145,-0.156,N,1A9
146,-0.058,K,1A9
147,-0.253,L,1A9
148,-0.088,K,1A9
149,-0.042,S,1A9
150,-0.147,S,1A9
151,-0.294,I,1A9
152,-0.111,E,1A9
153,-0.012,S,1A9
154,-0.162,T,1A9
155,-0.06,N,1A9
156,-0.112,E,1A9
157,-0.016,A,1A9
158,-0.241,V,1A9
159,-0.064,V,1A9
160,-0.094,K,1A9
161,-0.12,L,1A9
162,-0.063,Q,1A9
163,-0.09,E,1A9
164,-0.121,T,1A9
165,-0.03,A,1A9
166,-0.038,E,1A9
167,-0.058,K,1A9
168,-0.053,T,1A9
169,-0.156,V,1A9
170,-0.031,Y,1A9
171,-0.103,V,1A9
172,-0.047,L,1A9
173,-0.235,T,1A9
174,-0.08,A,1A9
175,-0.214,L,1A9
177,-0.118,D,1A9
178,-0.164,Y,1A9
179,-0.182,I,1A9
180,-0.277,N,1A9
181,-0.106,T,1A9
182,0.04,N,1A9
183,-0.02,L,1A9
184,-0.119,V,1A9
185,-0.074,P,1A9
186,0.001,T,1A9
187,-0.086,I,1A9
188,0.002,D,1A9
189,-0.011,K,1A9
190,-0.11,I,1A9
191,-0.085,S,1A9
192,-0.42,C,1A9
193,-0.068,K,1A9
194,-0.107,Q,1A9
195,-0.049,T,1A9
196,-0.055,E,1A9
197,0.012,L,1A9
198,0.038,S,1A9
199,-0.195,L,1A9
200,-0.314,D,1A9
201,-0.01,L,1A9
202,-0.043,A,1A9
203,-0.206,L,1A9
204,-0.138,S,1A9
205,-0.046,K,1A9
206,0.055,Y,1A9
207,0.21,L,1A9
208,-0.116,S,1A9
209,-0.045,D,1A9
210,-0.289,L,1A9
211,-0.002,L,1A9
212,-0.165,F,1A9
213,-0.219,V,1A9
214,-0.021,F,1A9
215,-0.168,G,1A9
216,0.05,P,1A9
217,-0.059,N,1A9
218,-0.148,L,1A9
219,0.108,Q,1A9
220,-0.173,D,1A9
221,0.011,P,1A9
222,-0.149,V,1A9
223,-0.258,S,1A9
224,-0.026,N,1A9
225,-0.059,S,1A9
226,-0.072,M,1A9
227,-0.411,T,1A9
228,0.089,I,1A9
229,-0.013,Q,1A9
230,0.016,A,1A9
231,-0.128,I,1A9
232,-0.022,S,1A9
233,-0.066,Q,1A9
234,-0.189,A,1A9
235,-0.113,F,1A9
236,-0.033,G,1A9
237,-0.352,G,1A9
238,-0.04,N,1A9
239,-0.333,Y,1A9
240,-0.097,E,1A9
241,-0.055,T,1A9
242,-0.069,L,1A9
243,-0.329,L,1A9
244,-0.013,R,1A9
245,-0.165,T,1A9
246,-0.115,L,1A9
247,0.021,G,1A9
248,-0.076,Y,1A9
249,-0.092,A,1A9
250,0.693,T,1A9
251,0.824,E,1A9
252,0.408,D,1A9
253,-0.008,F,1A9
254,-0.036,D,1A9
255,0.052,D,1A9
256,0.164,L,1A9
257,-0.06,L,1A9
258,0.063,E,1A9
259,-0.288,S,1A9
260,-0.044,D,1A9
261,-0.101,S,1A9
262,-0.092,I,1A9
263,-0.279,T,1A9
264,0.004,G,1A9
265,-0.216,Q,1A9
266,-0.225,I,1A9
267,-0.04,I,1A9
268,-0.055,Y,1A9
269,-0.198,V,1A9
270,-0.294,D,1A9
271,-0.037,L,1A9
272,0.039,S,1A9
273,0.001,S,1A9
274,-0.137,Y,1A9
275,-0.145,Y,1A9
276,-0.137,I,1A9
277,-0.259,I,1A9
278,-0.36,V,1A9
279,-0.164,R,1A9
280,0.038,V,1A9
281,-0.101,Y,1A9
282,0.837,F,1A9
283,0.396,P,1A9
284,0.058,I,1A9
285,0.043,L,1A9
286,0.009,T,1A9
287,-0.561,E,1A9
288,0.04,I,1A9
289,-0.032,Q,1A9
290,0.025,Q,1A9
291,0.062,A,1A9
292,0.127,Y,1A9
293,-0.133,I,1A9
294,0.074,Q,1A9
295,-0.119,E,1A9
296,-0.137,L,1A9
297,-0.057,L,1A9
298,0.007,P,1A9
299,-0.068,V,1A9
300,-0.085,S,1A9
301,-0.056,F,1A9
302,-0.079,N,1A9
303,0.081,N,1A9
304,0.04,D,1A9
305,-0.013,N,1A9
306,0.007,S,1A9
307,-0.15,E,1A9
308,-0.193,W,1A9
309,-0.13,I,1A9
310,-0.131,S,1A9
311,-0.285,I,1A9
312,-0.109,V,1A9
313,-0.261,P,1A9
314,-0.032,N,1A9
315,0.01,F,1A9
316,-0.051,I,1A9
317,-0.215,L,1A9
318,-0.008,V,1A9
320,-0.07,N,1A9
321,-0.021,T,1A9
322,0.101,L,1A9
323,-0.215,I,1A9
324,-0.041,S,1A9
325,-0.415,N,1A9
326,-0.184,I,1A9
327,0.015,E,1A9
328,-0.152,I,1A9
329,-0.052,G,1A9
330,0.035,F,1A9
332,-0.317,L,1A9
333,-0.091,I,1A9
334,0.345,T,1A9
335,0.236,K,1A9
336,1.494,R,1A9
337,0.236,S,1A9
338,-0.096,V,1A9
339,0.068,I,1A9
340,-0.103,C,1A9
341,-0.144,N,1A9
342,-0.054,Q,1A9
343,-0.014,D,1A9
344,-0.082,Y,1A9
345,-0.275,A,1A9
346,-0.143,T,1A9
347,-0.288,P,1A9
348,-0.324,M,1A9
349,-0.115,T,1A9
350,-0.038,N,1A9
351,0.017,N,1A9
352,-0.178,M,1A9
353,0.064,R,1A9
354,0.015,E,1A9
356,-0.242,L,1A9
357,0.022,T,1A9
358,-0.141,G,1A9
359,0.058,S,1A9
360,-0.117,T,1A9
361,-0.096,E,1A9
362,0.016,K,1A9
364,-0.041,P,1A9
365,-0.233,R,1A9
366,-0.217,E,1A9
367,-0.092,L,1A9
368,-0.257,V,1A9
369,-0.25,V,1A9
370,0.018,S,1A9
371,-0.194,S,1A9
372,-0.086,H,1A9
373,-0.025,V,1A9
374,-0.15,P,1A9
375,0.059,R,1A9
376,-0.119,F,1A9
377,-0.097,A,1A9
378,-0.053,L,1A9
379,-0.284,S,1A9
380,0.007,N,1A9
381,0.093,G,1A9
382,-0.069,V,1A9
383,-0.083,L,1A9
384,-0.071,F,1A9
385,-0.372,A,1A9
388,-0.266,I,1A9
389,-0.066,S,1A9
390,-0.018,V,1A9
391,0.116,T,1A9
393,-0.198,Q,1A9
395,-0.048,Q,1A9
396,-0.155,T,1A9
397,-0.053,T,1A9
398,-0.168,G,1A9
399,0.16,R,1A9
400,0.073,A,1A9
401,-0.083,I,1A9
402,-0.009,S,1A9
403,0.326,Q,1A9
404,0.002,S,1A9
405,0.0,G,1A9
406,0.062,E,1A9
407,0.013,Q,1A9
408,-0.192,T,1A9
409,0.02,L,1A9
410,-0.129,L,1A9
411,0.028,M,1A9
412,0.007,I,1A9
414,-0.322,N,1A9
415,-0.011,T,1A9
416,-0.327,T,1A9
418,-0.107,P,1A9
419,0.047,T,1A9
420,-0.186,A,1A9
421,-0.008,V,1A9
422,0.081,L,1A9
423,-0.096,G,1A9
424,-0.056,N,1A9
425,-0.013,V,1A9
426,0.028,I,1A9
427,-0.123,I,1A9
428,-0.094,S,1A9
429,-0.081,L,1A9
430,-0.214,G,1A9
431,0.006,K,1A9
432,0.01,Y,1A9
433,-0.061,L,1A9
434,-0.124,G,1A9
435,-0.054,S,1A9
436,-0.05,V,1A9
437,-0.082,N,1A9
438,-0.027,Y,1A9
439,-0.196,N,1A9
440,-0.004,S,1A9
441,-0.026,E,1A9
442,-0.044,G,1A9
443,-0.115,I,1A9
444,0.051,A,1A9
445,-0.118,I,1A9
446,-0.352,G,1A9
447,-0.117,P,1A9
448,-0.118,P,1A9
449,-0.247,V,1A9
450,-0.273,F,1A9
451,-0.44,T,1A9
452,0.042,D,1A9
453,-0.155,K,1A9
454,0.179,V,1A9
455,-0.007,D,1A9
456,-0.176,I,1A9
457,-0.035,S,1A9
458,-0.296,S,1A9
459,-0.248,Q,1A9
460,0.019,I,1A9
461,-0.121,S,1A9
462,-0.114,S,1A9
463,-0.12,M,1A9
464,-0.247,N,1A9
465,-0.053,Q,1A9
466,-0.231,S,1A9
467,0.045,L,1A9
468,-0.216,Q,1A9
469,-0.169,Q,1A9
470,-0.197,S,1A9
471,0.031,K,1A9
472,-0.016,D,1A9
473,-0.065,Y,1A9
474,-0.03,I,1A9
475,0.0,K,1A9
476,-0.082,E,1A9
477,-0.073,A,1A9
478,-0.06,Q,1A9
479,0.024,R,1A9
480,-0.252,L,1A9
481,-0.021,L,1A9
29,-0.13,H,1F2
30,-0.11,Y,1F2
31,-0.297,E,1F2
32,-0.033,K,1F2
33,-0.142,L,1F2
34,-0.137,S,1F2
35,-0.109,K,1F2
36,-0.095,I,1F2
38,-0.083,L,1F2
39,-0.112,V,1F2
40,-0.067,K,1F2
41,-0.219,G,1F2
42,0.016,V,1F2
43,0.01,T,1F2
44,-0.166,R,1F2
45,-0.047,K,1F2
46,-0.099,Y,1F2
47,0.009,K,1F2
48,0.222,I,1F2
49,-0.212,K,1F2
50,0.209,S,1F2
51,0.099,N,1F2
52,-0.039,P,1F2
53,0.268,L,1F2
54,0.046,T,1F2
55,-0.125,K,1F2
56,-0.17,D,1F2
57,-0.248,I,1F2
58,-0.182,V,1F2
59,-0.021,I,1F2
60,-0.152,K,1F2
61,-0.155,M,1F2
62,-0.032,I,1F2
63,-0.455,P,1F2
64,-0.174,N,1F2
65,-0.195,V,1F2
66,-0.062,S,1F2
67,-0.19,N,1F2
68,-0.143,M,1F2
69,-0.139,S,1F2
70,-0.036,Q,1F2
72,-0.072,T,1F2
73,-0.107,G,1F2
74,0.026,S,1F2
75,-0.036,V,1F2
76,-0.293,M,1F2
77,-0.026,E,1F2
78,0.026,N,1F2
79,-0.087,Y,1F2
80,-0.092,K,1F2
81,-0.07,T,1F2
83,-0.163,L,1F2
84,-0.024,N,1F2
85,-0.117,G,1F2
86,-0.267,I,1F2
87,-0.087,L,1F2
88,-0.032,T,1F2
89,-0.072,P,1F2
90,-0.33,I,1F2
91,-0.068,K,1F2
92,-0.068,G,1F2
93,-0.073,A,1F2
94,-0.092,L,1F2
95,-0.077,E,1F2
96,-0.11,I,1F2
97,-0.116,Y,1F2
98,-0.004,K,1F2
99,-0.324,N,1F2
100,-0.152,N,1F2
101,-0.197,T,1F2
102,-0.135,H,1F2
103,0.044,D,1F2
104,-0.045,L,1F2
105,-0.037,V,1F2
106,-0.051,G,1F2
107,-0.012,D,1F2
108,-0.073,V,1F2
109,-0.093,R,1F2
110,-0.09,L,1F2
111,-0.11,A,1F2
112,-0.097,G,1F2
113,-0.037,V,1F2
114,0.066,I,1F2
115,-0.059,M,1F2
116,-0.011,A,1F2
117,-0.216,G,1F2
118,-0.038,V,1F2
119,-0.076,A,1F2
120,-0.117,I,1F2
121,-0.142,G,1F2
122,-0.087,I,1F2
123,-0.005,A,1F2
124,-0.071,T,1F2
125,-0.106,A,1F2
126,-0.184,A,1F2
127,-0.262,Q,1F2
128,0.024,I,1F2
129,-0.078,T,1F2
130,-0.041,A,1F2
131,-0.169,G,1F2
132,-0.037,V,1F2
133,-0.067,A,1F2
134,-0.206,L,1F2
135,-0.02,Y,1F2
136,-0.06,E,1F2
137,-0.168,A,1F2
138,0.041,M,1F2
139,-0.011,K,1F2
140,-0.017,N,1F2
141,-0.093,A,1F2
142,-0.054,D,1F2
143,-0.043,N,1F2
144,-0.254,I,1F2
145,-0.122,N,1F2
146,-0.045,K,1F2
147,-0.104,L,1F2
148,-0.122,K,1F2
149,-0.042,S,1F2
150,-0.129,S,1F2
151,-0.253,I,1F2
152,-0.048,E,1F2
153,-0.034,S,1F2
154,-0.04,T,1F2
155,-0.083,N,1F2
156,-0.065,E,1F2
157,-0.041,A,1F2
158,-0.118,V,1F2
159,-0.014,V,1F2
160,-0.03,K,1F2
161,-0.037,L,1F2
162,-0.003,Q,1F2
163,-0.096,E,1F2
164,-0.06,T,1F2
165,-0.083,A,1F2
166,-0.1,E,1F2
167,-0.032,K,1F2
168,-0.067,T,1F2
169,-0.083,V,1F2
170,-0.1,Y,1F2
171,-0.048,V,1F2
172,-0.095,L,1F2
173,-0.166,T,1F2
174,-0.13,A,1F2
175,-0.203,L,1F2
177,-0.138,D,1F2
178,-0.12,Y,1F2
179,-0.227,I,1F2
180,-0.275,N,1F2
181,-0.044,T,1F2
182,0.023,N,1F2
183,-0.179,L,1F2
184,-0.119,V,1F2
185,-0.091,P,1F2
186,-0.072,T,1F2
187,-0.087,I,1F2
188,-0.022,D,1F2
189,-0.049,K,1F2
190,-0.127,I,1F2
191,-0.121,S,1F2
192,-0.6,C,1F2
193,-0.066,K,1F2
194,-0.066,Q,1F2
195,-0.078,T,1F2
196,-0.014,E,1F2
197,0.044,L,1F2
198,-0.061,S,1F2
199,-0.224,L,1F2
200,0.124,D,1F2
201,-0.067,L,1F2
202,-0.102,A,1F2
203,-0.133,L,1F2
204,-0.207,S,1F2
205,0.004,K,1F2
206,-0.146,Y,1F2
207,0.022,L,1F2
208,-0.082,S,1F2
209,-0.004,D,1F2
210,-0.216,L,1F2
211,-0.062,L,1F2
212,0.031,F,1F2
213,-0.125,V,1F2
214,-0.028,F,1F2
215,0.055,G,1F2
216,-0.052,P,1F2
217,-0.089,N,1F2
218,-0.08,L,1F2
219,-0.027,Q,1F2
220,-0.077,D,1F2
221,-0.044,P,1F2
222,-0.15,V,1F2
223,-0.084,S,1F2
224,0.005,N,1F2
225,-0.057,S,1F2
226,-0.092,M,1F2
227,-0.082,T,1F2
228,-0.023,I,1F2
229,-0.154,Q,1F2
230,-0.031,A,1F2
231,-0.143,I,1F2
232,-0.069,S,1F2
233,-0.056,Q,1F2
234,-0.16,A,1F2
235,0.03,F,1F2
236,-0.006,G,1F2
237,-0.245,G,1F2
238,-0.018,N,1F2
239,-0.06,Y,1F2
240,-0.045,E,1F2
241,-0.027,T,1F2
242,-0.112,L,1F2
243,-0.134,L,1F2
244,-0.139,R,1F2
245,-0.08,T,1F2
246,-0.143,L,1F2
247,0.035,G,1F2
248,0.095,Y,1F2
249,0.093,A,1F2
250,-0.139,T,1F2
251,0.177,E,1F2
252,0.22,D,1F2
253,0.106,F,1F2
254,-0.02,D,1F2
255,0.004,D,1F2
256,0.007,L,1F2
257,-0.012,L,1F2
258,0.108,E,1F2
259,-0.138,S,1F2
260,-0.053,D,1F2
261,-0.178,S,1F2
262,-0.201,I,1F2
263,-0.155,T,1F2
264,-0.039,G,1F2
265,-0.244,Q,1F2
266,-0.132,I,1F2
267,-0.108,I,1F2
268,-0.113,Y,1F2
269,-0.161,V,1F2
270,-0.278,D,1F2
271,-0.073,L,1F2
272,0.006,S,1F2
273,-0.034,S,1F2
274,-0.063,Y,1F2
275,-0.199,Y,1F2
276,-0.129,I,1F2
277,-0.263,I,1F2
278,-0.165,V,1F2
279,-0.267,R,1F2
280,-0.063,V,1F2
281,-0.134,Y,1F2
282,0.01,F,1F2
283,0.094,P,1F2
284,0.166,I,1F2
285,-0.039,L,1F2
286,0.23,T,1F2
287,0.139,E,1F2
288,0.202,I,1F2
289,-0.029,Q,1F2
290,0.018,Q,1F2
291,-0.1,A,1F2
292,-0.055,Y,1F2
293,-0.076,I,1F2
294,0.004,Q,1F2
295,-0.164,E,1F2
296,-0.024,L,1F2
297,-0.084,L,1F2
298,-0.051,P,1F2
299,-0.029,V,1F2
300,-0.036,S,1F2
301,-0.047,F,1F2
302,-0.044,N,1F2
303,0.042,N,1F2
304,-0.013,D,1F2
305,-0.03,N,1F2
306,0.021,S,1F2
307,-0.112,E,1F2
308,-0.272,W,1F2
309,-0.099,I,1F2
310,-0.122,S,1F2
311,-0.207,I,1F2
312,-0.223,V,1F2
313,-0.155,P,1F2
314,-0.025,N,1F2
315,-0.108,F,1F2
316,-0.033,I,1F2
317,-0.177,L,1F2
318,-0.072,V,1F2
320,-0.019,N,1F2
321,0.032,T,1F2
322,0.037,L,1F2
323,-0.074,I,1F2
324,0.013,S,1F2
325,-0.279,N,1F2
326,-0.149,I,1F2
327,0.024,E,1F2
328,-0.063,I,1F2
329,-0.03,G,1F2
330,-0.027,F,1F2
332,-0.427,L,1F2
333,-0.091,I,1F2
334,-0.042,T,1F2
335,-0.036,K,1F2
336,0.031,R,1F2
337,0.069,S,1F2
338,-0.071,V,1F2
339,-0.004,I,1F2
340,-0.276,C,1F2
341,-0.183,N,1F2
342,-0.043,Q,1F2
343,-0.159,D,1F2
344,-0.115,Y,1F2
345,-0.354,A,1F2
346,-0.132,T,1F2
347,-0.308,P,1F2
348,-0.383,M,1F2
349,-0.084,T,1F2
350,0.016,N,1F2
351,-0.013,N,1F2
352,-0.207,M,1F2
353,0.068,R,1F2
354,0.001,E,1F2
356,-0.198,L,1F2
357,0.05,T,1F2
358,-0.123,G,1F2
359,-0.013,S,1F2
360,-0.089,T,1F2
361,-0.057,E,1F2
362,-0.035,K,1F2
364,-0.042,P,1F2
365,-0.194,R,1F2
366,-0.173,E,1F2
367,-0.079,L,1F2
368,-0.212,V,1F2
369,-0.163,V,1F2
370,-0.098,S,1F2
371,-0.088,S,1F2
372,-0.095,H,1F2
373,-0.033,V,1F2
374,-0.127,P,1F2
375,-0.009,R,1F2
376,-0.124,F,1F2
377,-0.207,A,1F2
378,-0.049,L,1F2
379,-0.17,S,1F2
380,-0.035,N,1F2
381,-0.054,G,1F2
382,-0.207,V,1F2
383,-0.091,L,1F2
384,-0.005,F,1F2
385,-0.203,A,1F2
388,0.006,I,1F2
389,0.018,S,1F2
390,-0.003,V,1F2
391,0.114,T,1F2
393,-0.151,Q,1F2
395,-0.042,Q,1F2
396,-0.048,T,1F2
397,-0.092,T,1F2
398,-0.098,G,1F2
399,0.071,R,1F2
400,0.085,A,1F2
401,-0.055,I,1F2
402,0.071,S,1F2
403,0.023,Q,1F2
404,0.035,S,1F2
405,0.121,G,1F2
406,0.001,E,1F2
407,-0.051,Q,1F2
408,-0.112,T,1F2
409,-0.016,L,1F2
410,-0.171,L,1F2
411,-0.043,M,1F2
412,-0.068,I,1F2
414,-0.319,N,1F2
415,-0.047,T,1F2
416,-0.173,T,1F2
418,-0.056,P,1F2
419,0.152,T,1F2
420,-0.202,A,1F2
421,-0.038,V,1F2
422,0.06,L,1F2
423,-0.07,G,1F2
424,-0.097,N,1F2
425,-0.053,V,1F2
426,0.005,I,1F2
427,-0.032,I,1F2
428,-0.095,S,1F2
429,-0.101,L,1F2
430,-0.135,G,1F2
431,-0.004,K,1F2
432,-0.014,Y,1F2
433,-0.082,L,1F2
434,-0.234,G,1F2
435,-0.032,S,1F2
436,-0.061,V,1F2
437,-0.048,N,1F2
438,-0.052,Y,1F2
439,-0.1,N,1F2
440,-0.011,S,1F2
441,-0.015,E,1F2
442,-0.014,G,1F2
443,-0.162,I,1F2
444,0.028,A,1F2
445,-0.138,I,1F2
446,0.009,G,1F2
447,-0.099,P,1F2
448,-0.125,P,1F2
449,-0.139,V,1F2
450,-0.16,F,1F2
451,-0.25,T,1F2
452,0.009,D,1F2
453,-0.201,K,1F2
454,0.009,V,1F2
455,-0.057,D,1F2
456,-0.135,I,1F2
457,0.004,S,1F2
458,-0.297,S,1F2
459,-0.209,Q,1F2
460,-0.11,I,1F2
461,-0.181,S,1F2
462,-0.113,S,1F2
463,-0.114,M,1F2
464,-0.258,N,1F2
465,-0.081,Q,1F2
466,-0.191,S,1F2
467,-0.014,L,1F2
468,-0.071,Q,1F2
469,-0.102,Q,1F2
470,-0.149,S,1F2
471,0.025,K,1F2
472,-0.036,D,1F2
473,-0.036,Y,1F2
474,-0.105,I,1F2
475,0.035,K,1F2
476,-0.055,E,1F2
477,-0.071,A,1F2
478,-0.033,Q,1F2
479,0.014,R,1F2
480,-0.081,L,1F2
481,-0.029,L,1F2
29,-0.264,H,2B12
30,0.137,Y,2B12
31,-0.781,E,2B12
32,-0.13,K,2B12
33,-0.379,L,2B12
34,-0.295,S,2B12
35,0.1,K,2B12
36,-0.198,I,2B12
38,-0.348,L,2B12
39,-0.238,V,2B12
40,-0.253,K,2B12
41,-0.829,G,2B12
42,0.035,V,2B12
43,0.154,T,2B12
44,-0.296,R,2B12
45,-0.023,K,2B12
46,-0.256,Y,2B12
47,0.081,K,2B12
48,0.267,I,2B12
49,-0.313,K,2B12
50,-0.11,S,2B12
51,-0.283,N,2B12
52,-0.266,P,2B12
53,-0.271,L,2B12
54,-0.009,T,2B12
55,0.006,K,2B12
56,-0.401,D,2B12
57,-0.587,I,2B12
58,-0.435,V,2B12
59,-0.145,I,2B12
60,-0.696,K,2B12
61,-0.313,M,2B12
62,-0.014,I,2B12
63,-0.934,P,2B12
64,-0.408,N,2B12
65,-0.442,V,2B12
66,-0.135,S,2B12
67,-0.443,N,2B12
68,-0.242,M,2B12
69,-0.441,S,2B12
70,-0.085,Q,2B12
72,-0.152,T,2B12
73,-0.11,G,2B12
74,-0.118,S,2B12
75,-0.216,V,2B12
76,-0.634,M,2B12
77,-0.141,E,2B12
78,0.074,N,2B12
79,-0.045,Y,2B12
80,-0.328,K,2B12
81,-0.149,T,2B12
83,-0.384,L,2B12
84,-0.116,N,2B12
85,-0.268,G,2B12
86,-0.697,I,2B12
87,-0.427,L,2B12
88,-0.065,T,2B12
89,0.133,P,2B12
90,-0.301,I,2B12
91,0.032,K,2B12
92,-0.233,G,2B12
93,-0.12,A,2B12
94,-0.307,L,2B12
95,-0.237,E,2B12
96,-0.124,I,2B12
97,-0.189,Y,2B12
98,-0.038,K,2B12
99,-0.495,N,2B12
100,-0.205,N,2B12
101,-0.239,T,2B12
102,-0.198,H,2B12
103,0.176,D,2B12
104,0.037,L,2B12
105,-0.178,V,2B12
106,-0.216,G,2B12
107,-0.116,D,2B12
108,-0.256,V,2B12
109,-0.186,R,2B12
110,-0.155,L,2B12
111,-0.171,A,2B12
112,-0.239,G,2B12
113,-0.03,V,2B12
114,0.255,I,2B12
115,-0.225,M,2B12
116,-0.138,A,2B12
117,-0.45,G,2B12
118,-0.082,V,2B12
119,-0.462,A,2B12
120,-0.209,I,2B12
121,-0.595,G,2B12
122,-0.316,I,2B12
123,0.02,A,2B12
124,-0.199,T,2B12
125,-0.314,A,2B12
126,-0.208,A,2B12
127,-0.525,Q,2B12
128,0.095,I,2B12
129,-0.466,T,2B12
130,-0.081,A,2B12
131,0.116,G,2B12
132,-0.195,V,2B12
133,-0.372,A,2B12
134,-0.395,L,2B12
135,0.065,Y,2B12
136,-0.138,E,2B12
137,-0.456,A,2B12
138,-0.098,M,2B12
139,-0.064,K,2B12
140,-0.02,N,2B12
141,-0.292,A,2B12
142,-0.142,D,2B12
143,-0.208,N,2B12
144,-0.148,I,2B12
145,-0.277,N,2B12
146,-0.119,K,2B12
147,-0.205,L,2B12
148,0.072,K,2B12
149,-0.136,S,2B12
150,-0.33,S,2B12
151,-0.25,I,2B12
152,-0.036,E,2B12
153,-0.066,S,2B12
154,-0.224,T,2B12
155,-0.266,N,2B12
156,-0.217,E,2B12
157,-0.163,A,2B12
158,-0.073,V,2B12
159,-0.077,V,2B12
160,-0.074,K,2B12
161,-0.24,L,2B12
162,-0.15,Q,2B12
163,0.011,E,2B12
164,-0.105,T,2B12
165,-0.227,A,2B12
166,-0.082,E,2B12
167,0.038,K,2B12
168,-0.023,T,2B12
169,-0.241,V,2B12
170,-0.159,Y,2B12
171,-0.478,V,2B12
172,-0.1,L,2B12
173,-0.464,T,2B12
174,-0.211,A,2B12
175,-0.198,L,2B12
177,-0.339,D,2B12
178,-0.194,Y,2B12
179,-0.064,I,2B12
180,-0.334,N,2B12
181,-0.147,T,2B12
182,0.048,N,2B12
183,-0.19,L,2B12
184,-0.109,V,2B12
185,-0.108,P,2B12
186,-0.027,T,2B12
187,-0.133,I,2B12
188,-0.249,D,2B12
189,-0.073,K,2B12
190,-0.043,I,2B12
191,-0.157,S,2B12
192,-1.668,C,2B12
193,0.003,K,2B12
194,-0.101,Q,2B12
195,-0.137,T,2B12
196,-0.226,E,2B12
197,0.379,L,2B12
198,-0.145,S,2B12
199,-0.512,L,2B12
200,0.527,D,2B12
201,0.53,L,2B12
202,-0.137,A,2B12
203,-0.398,L,2B12
204,-0.343,S,2B12
205,0.119,K,2B12
206,-0.258,Y,2B12
207,0.413,L,2B12
208,-0.048,S,2B12
209,0.088,D,2B12
210,-0.513,L,2B12
211,0.154,L,2B12
212,0.518,F,2B12
213,-0.151,V,2B12
214,-0.055,F,2B12
215,0.327,G,2B12
216,-0.009,P,2B12
217,-0.052,N,2B12
218,-0.01,L,2B12
219,-0.135,Q,2B12
220,-0.298,D,2B12
221,-0.305,P,2B12
222,-0.304,V,2B12
223,-0.261,S,2B12
224,-0.001,N,2B12
225,-0.249,S,2B12
226,-0.19,M,2B12
227,-0.533,T,2B12
228,-0.143,I,2B12
229,-0.158,Q,2B12
230,0.015,A,2B12
231,-0.338,I,2B12
232,-0.2,S,2B12
233,-0.124,Q,2B12
234,-0.229,A,2B12
235,-0.125,F,2B12
236,-0.093,G,2B12
237,-0.666,G,2B12
238,0.007,N,2B12
239,-0.28,Y,2B12
240,-0.007,E,2B12
241,-0.165,T,2B12
242,-0.245,L,2B12
243,-0.176,L,2B12
244,-0.198,R,2B12
245,-0.074,T,2B12
246,-0.303,L,2B12
247,-0.346,G,2B12
248,-0.285,Y,2B12
249,0.036,A,2B12
250,-0.236,T,2B12
251,0.117,E,2B12
252,0.374,D,2B12
253,0.042,F,2B12
254,-0.144,D,2B12
255,-0.064,D,2B12
256,0.253,L,2B12
257,-0.104,L,2B12
258,0.017,E,2B12
259,-0.295,S,2B12
260,-0.055,D,2B12
261,-0.069,S,2B12
262,-0.222,I,2B12
263,-0.241,T,2B12
264,-0.237,G,2B12
265,-0.352,Q,2B12
266,-0.11,I,2B12
267,-0.271,I,2B12
268,-0.217,Y,2B12
269,-0.432,V,2B12
270,-0.98,D,2B12
271,-0.246,L,2B12
272,-0.055,S,2B12
273,-0.07,S,2B12
274,-0.184,Y,2B12
275,-0.222,Y,2B12
276,-0.267,I,2B12
277,-0.685,I,2B12
278,-0.593,V,2B12
279,-0.523,R,2B12
280,-0.059,V,2B12
281,-0.394,Y,2B12
282,0.013,F,2B12
283,0.566,P,2B12
284,0.101,I,2B12
285,-0.056,L,2B12
286,0.182,T,2B12
287,0.072,E,2B12
288,0.338,I,2B12
289,-0.08,Q,2B12
290,0.159,Q,2B12
291,-0.15,A,2B12
292,0.01,Y,2B12
293,-0.2,I,2B12
294,0.142,Q,2B12
295,-0.341,E,2B12
296,-0.056,L,2B12
297,-0.188,L,2B12
298,-0.159,P,2B12
299,0.008,V,2B12
300,0.133,S,2B12
301,-0.325,F,2B12
302,1.431,N,2B12
303,0.112,N,2B12
304,1.164,D,2B12
305,0.116,N,2B12
306,0.182,S,2B12
307,0.703,E,2B12
308,-0.429,W,2B12
309,-0.173,I,2B12
310,-0.037,S,2B12
311,-0.171,I,2B12
312,-0.357,V,2B12
313,-0.492,P,2B12
314,-0.073,N,2B12
315,-0.213,F,2B12
316,0.05,I,2B12
317,-0.083,L,2B12
318,0.031,V,2B12
320,0.03,N,2B12
321,0.278,T,2B12
322,0.329,L,2B12
323,-0.293,I,2B12
324,0.371,S,2B12
325,-0.478,N,2B12
326,-0.389,I,2B12
327,0.021,E,2B12
328,-0.126,I,2B12
329,-0.121,G,2B12
330,0.007,F,2B12
332,-0.721,L,2B12
333,-0.156,I,2B12
334,0.118,T,2B12
335,-0.067,K,2B12
336,0.138,R,2B12
337,0.152,S,2B12
338,-0.293,V,2B12
339,-0.125,I,2B12
340,-0.52,C,2B12
341,-0.256,N,2B12
342,-0.038,Q,2B12
343,-0.33,D,2B12
344,-0.337,Y,2B12
345,-0.275,A,2B12
346,-0.162,T,2B12
347,-0.587,P,2B12
348,-0.695,M,2B12
349,-0.034,T,2B12
350,0.046,N,2B12
351,-0.032,N,2B12
352,-0.137,M,2B12
353,0.194,R,2B12
354,-0.052,E,2B12
356,-0.435,L,2B12
357,0.161,T,2B12
358,-0.161,G,2B12
359,-0.032,S,2B12
360,-0.441,T,2B12
361,-0.043,E,2B12
362,-0.035,K,2B12
364,0.054,P,2B12
365,-0.107,R,2B12
366,-0.26,E,2B12
367,0.065,L,2B12
368,-0.244,V,2B12
369,0.0,V,2B12
370,-0.114,S,2B12
371,-0.121,S,2B12
372,-0.207,H,2B12
373,0.097,V,2B12
374,-0.198,P,2B12
375,0.782,R,2B12
376,-0.311,F,2B12
377,-0.468,A,2B12
378,0.01,L,2B12
379,-0.512,S,2B12
380,-0.156,N,2B12
381,0.056,G,2B12
382,-0.609,V,2B12
383,0.048,L,2B12
384,0.05,F,2B12
385,-0.512,A,2B12
388,1.048,I,2B12
389,1.155,S,2B12
390,0.23,V,2B12
391,0.776,T,2B12
393,-0.155,Q,2B12
395,-0.028,Q,2B12
396,0.018,T,2B12
397,-0.032,T,2B12
398,-1.137,G,2B12
399,0.206,R,2B12
400,0.556,A,2B12
401,0.026,I,2B12
402,0.46,S,2B12
403,-0.178,Q,2B12
404,1.19,S,2B12
405,1.09,G,2B12
406,1.684,E,2B12
407,0.031,Q,2B12
408,-0.442,T,2B12
409,-0.049,L,2B12
410,-0.329,L,2B12
411,-0.172,M,2B12
412,-0.073,I,2B12
414,-1.002,N,2B12
415,-0.289,T,2B12
416,-0.59,T,2B12
418,-0.199,P,2B12
419,0.158,T,2B12
420,-0.152,A,2B12
421,0.198,V,2B12
422,0.061,L,2B12
423,-0.159,G,2B12
424,-0.102,N,2B12
425,0.032,V,2B12
426,0.101,I,2B12
427,0.162,I,2B12
428,-0.324,S,2B12
429,-0.295,L,2B12
430,-0.408,G,2B12
431,-0.087,K,2B12
432,-0.123,Y,2B12
433,-0.165,L,2B12
434,-0.519,G,2B12
435,0.04,S,2B12
436,-0.168,V,2B12
437,-0.015,N,2B12
438,0.066,Y,2B12
439,-0.384,N,2B12
440,-0.074,S,2B12
441,0.17,E,2B12
442,0.095,G,2B12
443,-0.25,I,2B12
444,-0.016,A,2B12
445,-0.24,I,2B12
446,-0.928,G,2B12
447,-0.299,P,2B12
448,-0.231,P,2B12
449,-0.186,V,2B12
450,-0.2,F,2B12
451,-0.455,T,2B12
452,-0.214,D,2B12
453,-0.28,K,2B12
454,0.13,V,2B12
455,-0.31,D,2B12
456,-0.448,I,2B12
457,0.25,S,2B12
458,-0.291,S,2B12
459,-0.385,Q,2B12
460,-0.051,I,2B12
461,-0.434,S,2B12
462,-0.177,S,2B12
463,-0.117,M,2B12
464,-0.339,N,2B12
465,-0.22,Q,2B12
466,-0.326,S,2B12
467,-0.141,L,2B12
468,-0.119,Q,2B12
469,-0.223,Q,2B12
470,-0.299,S,2B12
471,0.074,K,2B12
472,-0.084,D,2B12
473,0.078,Y,2B12
474,-0.42,I,2B12
475,0.142,K,2B12
476,-0.187,E,2B12
477,-0.164,A,2B12
478,-0.04,Q,2B12
479,0.08,R,2B12
480,-0.189,L,2B12
481,0.056,L,2B12
