site,sum_escape,wildtype,antibody
29,-1.159,H,12B2
30,-1.318,Y,12B2
31,0.867,E,12B2
32,-1.27,K,12B2
33,-0.036,L,12B2
34,-0.067,S,12B2
35,-0.793,K,12B2
36,-0.581,I,12B2
38,0.274,L,12B2
39,-0.873,V,12B2
40,-1.614,K,12B2
41,-0.123,G,12B2
42,-0.408,V,12B2
43,-0.546,T,12B2
44,-0.205,R,12B2
45,0.305,K,12B2
46,-0.167,Y,12B2
47,-0.732,K,12B2
48,-1.27,I,12B2
49,-1.414,K,12B2
50,0.602,S,12B2
51,-0.178,N,12B2
52,-2.735,P,12B2
53,-0.842,L,12B2
54,1.027,T,12B2
55,-1.236,K,12B2
56,0.604,D,12B2
57,-0.116,I,12B2
58,0.271,V,12B2
59,-0.302,I,12B2
60,-0.409,K,12B2
61,-1.014,M,12B2
62,0.091,I,12B2
63,-0.33,P,12B2
64,-7.28,N,12B2
65,-2.141,V,12B2
66,-6.149,S,12B2
67,-43.501,N,12B2
68,-7.948,M,12B2
69,-36.745,S,12B2
70,-2.777,Q,12B2
72,0.025,T,12B2
73,-0.694,G,12B2
74,0.821,S,12B2
75,1.3,V,12B2
76,-1.019,M,12B2
77,-0.953,E,12B2
78,-0.793,N,12B2
79,-0.207,Y,12B2
80,0.193,K,12B2
81,0.059,T,12B2
83,0.047,L,12B2
84,-0.316,N,12B2
85,0.011,G,12B2
86,-0.45,I,12B2
87,0.198,L,12B2
88,-0.329,T,12B2
89,-1.924,P,12B2
90,-0.69,I,12B2
91,0.19,K,12B2
92,-0.458,G,12B2
93,-0.842,A,12B2
94,0.633,L,12B2
95,-0.296,E,12B2
96,-0.41,I,12B2
97,-0.603,Y,12B2
98,-0.134,K,12B2
99,-0.4,N,12B2
100,-0.066,N,12B2
101,-0.669,T,12B2
102,-1.279,H,12B2
103,-1.226,D,12B2
104,-2.414,L,12B2
105,-3.591,V,12B2
106,-1.214,G,12B2
107,0.665,D,12B2
108,-1.167,V,12B2
109,-1.663,R,12B2
110,-0.826,L,12B2
111,-0.517,A,12B2
112,-1.011,G,12B2
113,-0.512,V,12B2
114,-1.021,I,12B2
115,-0.137,M,12B2
116,-0.788,A,12B2
117,-0.047,G,12B2
118,-0.586,V,12B2
119,-0.586,A,12B2
120,-0.126,I,12B2
121,-0.672,G,12B2
122,-0.879,I,12B2
123,0.502,A,12B2
124,-0.091,T,12B2
125,-0.978,A,12B2
126,-0.102,A,12B2
127,-0.91,Q,12B2
128,-0.181,I,12B2
129,-2.482,T,12B2
130,-0.399,A,12B2
131,0.065,G,12B2
132,-0.88,V,12B2
133,-0.165,A,12B2
134,-0.075,L,12B2
135,-0.559,Y,12B2
136,-1.822,E,12B2
137,-0.892,A,12B2
138,-0.442,M,12B2
139,-1.664,K,12B2
140,0.355,N,12B2
141,0.079,A,12B2
142,-0.477,D,12B2
143,-1.339,N,12B2
144,0.088,I,12B2
145,-0.745,N,12B2
146,-1.297,K,12B2
147,0.6,L,12B2
148,-0.352,K,12B2
149,-0.615,S,12B2
150,0.311,S,12B2
151,-0.424,I,12B2
152,-0.042,E,12B2
153,1.205,S,12B2
154,1.712,T,12B2
155,30.3,N,12B2
156,28.608,E,12B2
157,-0.248,A,12B2
158,-1.599,V,12B2
159,19.004,V,12B2
160,-2.656,K,12B2
161,1.581,L,12B2
162,-0.141,Q,12B2
163,-0.141,E,12B2
164,0.593,T,12B2
165,-0.532,A,12B2
166,1.117,E,12B2
167,-2.316,K,12B2
168,-0.495,T,12B2
169,-0.734,V,12B2
170,-0.849,Y,12B2
171,1.713,V,12B2
172,-0.863,L,12B2
173,0.874,T,12B2
174,-0.068,A,12B2
175,-0.44,L,12B2
177,0.564,D,12B2
178,0.862,Y,12B2
179,-0.519,I,12B2
180,5.44,N,12B2
181,-1.004,T,12B2
182,-1.321,N,12B2
183,-0.612,L,12B2
184,-9.762,V,12B2
185,-4.937,P,12B2
186,-5.182,T,12B2
187,-4.412,I,12B2
188,-4.159,D,12B2
189,3.403,K,12B2
190,-1.646,I,12B2
191,28.021,S,12B2
192,2.31,C,12B2
193,13.002,K,12B2
194,3.466,Q,12B2
195,-6.977,T,12B2
196,16.234,E,12B2
197,1.587,L,12B2
198,-1.361,S,12B2
199,-3.483,L,12B2
200,-0.472,D,12B2
201,-0.519,L,12B2
202,-0.816,A,12B2
203,-0.35,L,12B2
204,-0.278,S,12B2
205,-0.196,K,12B2
206,-0.903,Y,12B2
207,-0.527,L,12B2
208,-0.079,S,12B2
209,-0.468,D,12B2
210,-0.607,L,12B2
211,-0.349,L,12B2
212,-0.416,F,12B2
213,-0.41,V,12B2
214,0.677,F,12B2
215,-0.132,G,12B2
216,-0.613,P,12B2
217,0.405,N,12B2
218,-0.096,L,12B2
219,-0.236,Q,12B2
220,0.462,D,12B2
221,0.044,P,12B2
222,0.3,V,12B2
223,-1.498,S,12B2
224,0.116,N,12B2
225,-1.115,S,12B2
226,0.267,M,12B2
227,0.049,T,12B2
228,0.113,I,12B2
229,-1.285,Q,12B2
230,0.082,A,12B2
231,0.004,I,12B2
232,-0.16,S,12B2
233,-0.031,Q,12B2
234,0.254,A,12B2
235,-0.296,F,12B2
236,-0.126,G,12B2
237,-0.219,G,12B2
238,-0.023,N,12B2
239,-0.035,Y,12B2
240,-0.795,E,12B2
241,0.243,T,12B2
242,-0.508,L,12B2
243,-0.744,L,12B2
244,-0.904,R,12B2
245,-0.523,T,12B2
246,0.016,L,12B2
247,-0.599,G,12B2
248,-0.722,Y,12B2
249,-0.229,A,12B2
250,-1.238,T,12B2
251,-0.644,E,12B2
252,0.102,D,12B2
253,0.199,F,12B2
254,-0.832,D,12B2
255,-0.255,D,12B2
256,-0.311,L,12B2
257,-0.843,L,12B2
258,-1.182,E,12B2
259,-0.231,S,12B2
260,1.379,D,12B2
261,-0.32,S,12B2
262,-0.599,I,12B2
263,-0.452,T,12B2
264,-0.059,G,12B2
265,-0.763,Q,12B2
266,0.215,I,12B2
267,-0.572,I,12B2
268,-0.2,Y,12B2
269,0.071,V,12B2
270,-0.384,D,12B2
271,0.759,L,12B2
272,-0.181,S,12B2
273,1.048,S,12B2
274,0.715,Y,12B2
275,-0.008,Y,12B2
276,0.214,I,12B2
277,-0.893,I,12B2
278,-0.763,V,12B2
279,-0.943,R,12B2
280,-0.063,V,12B2
281,-1.186,Y,12B2
282,-0.637,F,12B2
283,-0.007,P,12B2
284,-0.249,I,12B2
285,-0.159,L,12B2
286,0.009,T,12B2
287,0.935,E,12B2
288,-0.552,I,12B2
289,0.281,Q,12B2
290,0.129,Q,12B2
291,-0.595,A,12B2
292,-0.986,Y,12B2
293,0.164,I,12B2
294,-0.649,Q,12B2
295,-0.446,E,12B2
296,-0.335,L,12B2
297,0.255,L,12B2
298,0.152,P,12B2
299,-0.149,V,12B2
300,-0.314,S,12B2
301,-0.262,F,12B2
302,-0.493,N,12B2
303,0.484,N,12B2
304,-2.229,D,12B2
305,0.133,N,12B2
306,-1.542,S,12B2
307,0.055,E,12B2
308,-2.22,W,12B2
309,0.116,I,12B2
310,0.041,S,12B2
311,-1.562,I,12B2
312,-1.028,V,12B2
313,-0.661,P,12B2
314,-0.121,N,12B2
315,-0.521,F,12B2
316,0.479,I,12B2
317,-0.98,L,12B2
318,-2.179,V,12B2
320,-0.166,N,12B2
321,-1.418,T,12B2
322,-0.446,L,12B2
323,-0.011,I,12B2
324,-1.158,S,12B2
325,-1.354,N,12B2
326,0.13,I,12B2
327,-0.756,E,12B2
328,0.207,I,12B2
329,0.544,G,12B2
330,-0.559,F,12B2
332,-0.292,L,12B2
333,-0.255,I,12B2
334,0.025,T,12B2
335,0.781,K,12B2
336,-0.231,R,12B2
337,-0.19,S,12B2
338,-0.362,V,12B2
339,-0.482,I,12B2
340,-0.171,C,12B2
341,-1.235,N,12B2
342,-0.045,Q,12B2
343,0.106,D,12B2
344,-0.276,Y,12B2
345,-0.391,A,12B2
346,-1.029,T,12B2
347,-0.816,P,12B2
348,-0.691,M,12B2
349,-0.914,T,12B2
350,0.099,N,12B2
351,0.161,N,12B2
352,-0.189,M,12B2
353,-0.112,R,12B2
354,0.443,E,12B2
356,-0.926,L,12B2
357,-1.606,T,12B2
358,-1.313,G,12B2
359,-0.018,S,12B2
360,-1.247,T,12B2
361,-0.627,E,12B2
362,-1.923,K,12B2
364,-0.118,P,12B2
365,-1.504,R,12B2
366,-0.528,E,12B2
367,-0.859,L,12B2
368,0.129,V,12B2
369,-1.551,V,12B2
370,-0.623,S,12B2
371,-0.2,S,12B2
372,-1.0,H,12B2
373,-0.658,V,12B2
374,0.595,P,12B2
375,-2.132,R,12B2
376,-0.125,F,12B2
377,0.094,A,12B2
378,-0.129,L,12B2
379,-0.254,S,12B2
380,-0.055,N,12B2
381,0.063,G,12B2
382,0.103,V,12B2
383,-0.17,L,12B2
384,-0.112,F,12B2
385,-0.342,A,12B2
388,-0.361,I,12B2
389,-0.291,S,12B2
390,-0.308,V,12B2
391,-1.547,T,12B2
393,-1.1,Q,12B2
395,-1.328,Q,12B2
396,0.046,T,12B2
397,-0.089,T,12B2
398,-0.244,G,12B2
399,-1.802,R,12B2
400,-0.038,A,12B2
401,-0.415,I,12B2
402,-1.666,S,12B2
403,-0.338,Q,12B2
404,-1.81,S,12B2
405,-1.843,G,12B2
406,-2.299,E,12B2
407,-0.245,Q,12B2
408,-0.321,T,12B2
409,-0.016,L,12B2
410,-0.147,L,12B2
411,-0.047,M,12B2
412,-0.024,I,12B2
414,-0.134,N,12B2
415,0.338,T,12B2
416,0.195,T,12B2
418,-0.587,P,12B2
419,-0.135,T,12B2
420,-0.561,A,12B2
421,-1.474,V,12B2
422,-0.314,L,12B2
423,0.755,G,12B2
424,0.487,N,12B2
425,-1.287,V,12B2
426,-0.796,I,12B2
427,-0.178,I,12B2
428,-0.986,S,12B2
429,-0.201,L,12B2
430,-0.258,G,12B2
431,-1.152,K,12B2
432,-0.018,Y,12B2
433,0.191,L,12B2
434,0.213,G,12B2
435,-0.765,S,12B2
436,0.198,V,12B2
437,-0.312,N,12B2
438,-0.092,Y,12B2
439,-0.363,N,12B2
440,0.138,S,12B2
441,-0.622,E,12B2
442,-0.593,G,12B2
443,-0.022,I,12B2
444,0.375,A,12B2
445,-0.145,I,12B2
446,-0.174,G,12B2
447,-2.478,P,12B2
448,0.747,P,12B2
449,-1.398,V,12B2
450,-1.394,F,12B2
451,-0.034,T,12B2
452,-0.923,D,12B2
453,-0.766,K,12B2
454,-1.775,V,12B2
455,-0.099,D,12B2
456,-0.647,I,12B2
457,0.125,S,12B2
458,-1.171,S,12B2
459,-0.527,Q,12B2
460,-0.004,I,12B2
461,-0.693,S,12B2
462,-0.205,S,12B2
463,0.135,M,12B2
464,-0.132,N,12B2
465,0.212,Q,12B2
466,-0.088,S,12B2
467,-0.595,L,12B2
468,-0.491,Q,12B2
469,-0.932,Q,12B2
470,-0.639,S,12B2
471,-1.583,K,12B2
472,-0.961,D,12B2
473,-0.393,Y,12B2
474,-0.943,I,12B2
475,0.174,K,12B2
476,-1.562,E,12B2
477,-0.378,A,12B2
478,-0.846,Q,12B2
479,0.159,R,12B2
480,-1.294,L,12B2
481,-0.672,L,12B2
29,-0.535,H,2D3
30,-0.151,Y,2D3
31,-0.496,E,2D3
32,-0.764,K,2D3
33,-0.077,L,2D3
34,-0.02,S,2D3
35,-0.585,K,2D3
36,0.405,I,2D3
38,-1.063,L,2D3
39,-0.45,V,2D3
40,-0.708,K,2D3
41,-0.149,G,2D3
42,-0.877,V,2D3
43,-0.565,T,2D3
44,-0.042,R,2D3
45,-0.673,K,2D3
46,-0.758,Y,2D3
47,-0.661,K,2D3
48,-1.154,I,2D3
49,-1.227,K,2D3
50,-0.572,S,2D3
51,0.059,N,2D3
52,-0.353,P,2D3
53,-0.427,L,2D3
54,-0.231,T,2D3
55,1.85,K,2D3
56,0.602,D,2D3
57,-0.927,I,2D3
58,0.172,V,2D3
59,0.283,I,2D3
60,-0.014,K,2D3
61,-0.454,M,2D3
62,-0.14,I,2D3
63,0.032,P,2D3
64,-3.201,N,2D3
65,-1.044,V,2D3
66,-2.615,S,2D3
67,-18.334,N,2D3
68,-2.574,M,2D3
69,-11.974,S,2D3
70,-1.078,Q,2D3
72,-0.842,T,2D3
73,-0.919,G,2D3
74,-0.38,S,2D3
75,0.12,V,2D3
76,-1.343,M,2D3
77,-0.249,E,2D3
78,0.263,N,2D3
79,-0.046,Y,2D3
80,-0.165,K,2D3
81,-0.24,T,2D3
83,-0.722,L,2D3
84,-0.4,N,2D3
85,0.568,G,2D3
86,-0.95,I,2D3
87,0.099,L,2D3
88,0.097,T,2D3
89,0.169,P,2D3
90,0.548,I,2D3
91,0.152,K,2D3
92,0.464,G,2D3
93,-0.165,A,2D3
94,0.253,L,2D3
95,0.64,E,2D3
96,0.461,I,2D3
97,-0.136,Y,2D3
98,-0.094,K,2D3
99,-0.809,N,2D3
100,0.09,N,2D3
101,-0.129,T,2D3
102,-0.591,H,2D3
103,-0.032,D,2D3
104,-1.746,L,2D3
105,-1.315,V,2D3
106,-1.386,G,2D3
107,-0.684,D,2D3
108,-1.948,V,2D3
109,-2.163,R,2D3
110,-0.128,L,2D3
111,-0.432,A,2D3
112,-1.991,G,2D3
113,-0.306,V,2D3
114,-0.463,I,2D3
115,-0.433,M,2D3
116,-0.431,A,2D3
117,0.027,G,2D3
118,-0.001,V,2D3
119,-0.621,A,2D3
120,0.048,I,2D3
121,-0.146,G,2D3
122,-0.493,I,2D3
123,0.021,A,2D3
124,-0.105,T,2D3
125,-1.285,A,2D3
126,-0.656,A,2D3
127,-0.715,Q,2D3
128,-0.068,I,2D3
129,-1.008,T,2D3
130,0.007,A,2D3
131,-0.069,G,2D3
132,-1.769,V,2D3
133,-0.15,A,2D3
134,0.069,L,2D3
135,0.668,Y,2D3
136,0.428,E,2D3
137,-0.058,A,2D3
138,-0.362,M,2D3
139,-1.093,K,2D3
140,0.707,N,2D3
141,1.104,A,2D3
142,0.335,D,2D3
143,2.484,N,2D3
144,-0.022,I,2D3
145,3.103,N,2D3
146,-3.333,K,2D3
147,0.758,L,2D3
148,-0.213,K,2D3
149,-0.467,S,2D3
150,3.321,S,2D3
151,-0.152,I,2D3
152,0.096,E,2D3
153,0.319,S,2D3
154,-0.562,T,2D3
155,0.739,N,2D3
156,0.934,E,2D3
157,-0.905,A,2D3
158,-0.341,V,2D3
159,3.604,V,2D3
160,13.077,K,2D3
161,-0.149,L,2D3
162,22.504,Q,2D3
163,8.712,E,2D3
164,16.825,T,2D3
165,12.665,A,2D3
166,4.768,E,2D3
167,5.769,K,2D3
168,21.813,T,2D3
169,6.902,V,2D3
170,2.835,Y,2D3
171,2.486,V,2D3
172,-0.489,L,2D3
173,-0.707,T,2D3
174,0.747,A,2D3
175,0.223,L,2D3
177,-0.673,D,2D3
178,0.234,Y,2D3
179,-0.055,I,2D3
180,-0.366,N,2D3
181,-1.436,T,2D3
182,-0.166,N,2D3
183,-0.342,L,2D3
184,-1.552,V,2D3
185,-0.85,P,2D3
186,0.354,T,2D3
187,-0.455,I,2D3
188,-1.198,D,2D3
189,1.759,K,2D3
190,-0.033,I,2D3
191,0.213,S,2D3
192,-1.06,C,2D3
193,-0.748,K,2D3
194,-0.914,Q,2D3
195,-0.1,T,2D3
196,0.373,E,2D3
197,-0.173,L,2D3
198,0.256,S,2D3
199,-0.233,L,2D3
200,-0.026,D,2D3
201,-0.132,L,2D3
202,0.564,A,2D3
203,-0.375,L,2D3
204,-0.429,S,2D3
205,0.387,K,2D3
206,-0.515,Y,2D3
207,0.037,L,2D3
208,0.085,S,2D3
209,0.709,D,2D3
210,-0.785,L,2D3
211,0.147,L,2D3
212,-0.179,F,2D3
213,0.095,V,2D3
214,-0.28,F,2D3
215,0.452,G,2D3
216,0.383,P,2D3
217,-0.015,N,2D3
218,0.177,L,2D3
219,0.238,Q,2D3
220,-0.534,D,2D3
221,-0.353,P,2D3
222,-0.203,V,2D3
223,-0.458,S,2D3
224,0.495,N,2D3
225,0.06,S,2D3
226,0.302,M,2D3
227,-0.222,T,2D3
228,0.065,I,2D3
229,0.478,Q,2D3
230,0.075,A,2D3
231,-0.131,I,2D3
232,0.092,S,2D3
233,-0.042,Q,2D3
234,-0.057,A,2D3
235,-0.043,F,2D3
236,0.285,G,2D3
237,-0.024,G,2D3
238,0.016,N,2D3
239,-0.037,Y,2D3
240,-0.378,E,2D3
241,-0.293,T,2D3
242,0.266,L,2D3
243,1.072,L,2D3
244,0.673,R,2D3
245,3.612,T,2D3
246,1.556,L,2D3
247,0.544,G,2D3
248,0.093,Y,2D3
249,0.63,A,2D3
250,-0.634,T,2D3
251,-0.213,E,2D3
252,0.186,D,2D3
253,0.128,F,2D3
254,0.097,D,2D3
255,-0.055,D,2D3
256,-0.036,L,2D3
257,0.563,L,2D3
258,-0.313,E,2D3
259,0.077,S,2D3
260,-0.24,D,2D3
261,-0.315,S,2D3
262,-0.29,I,2D3
263,-0.312,T,2D3
264,0.571,G,2D3
265,-0.548,Q,2D3
266,-0.029,I,2D3
267,-0.279,I,2D3
268,0.894,Y,2D3
269,-0.187,V,2D3
270,-0.638,D,2D3
271,0.34,L,2D3
272,0.439,S,2D3
273,1.191,S,2D3
274,-0.216,Y,2D3
275,0.088,Y,2D3
276,0.077,I,2D3
277,0.183,I,2D3
278,0.155,V,2D3
279,-0.261,R,2D3
280,0.642,V,2D3
281,-0.277,Y,2D3
282,0.186,F,2D3
283,-0.068,P,2D3
284,-0.052,I,2D3
285,0.068,L,2D3
286,-0.156,T,2D3
287,-0.364,E,2D3
288,-0.639,I,2D3
289,-0.861,Q,2D3
290,-0.16,Q,2D3
291,-0.045,A,2D3
292,-0.899,Y,2D3
293,0.051,I,2D3
294,-0.717,Q,2D3
295,-0.252,E,2D3
296,0.004,L,2D3
297,-0.191,L,2D3
298,-0.03,P,2D3
299,-0.068,V,2D3
300,-0.404,S,2D3
301,-0.145,F,2D3
302,-0.717,N,2D3
303,-0.41,N,2D3
304,-1.228,D,2D3
305,-0.329,N,2D3
306,-0.539,S,2D3
307,-0.632,E,2D3
308,-0.23,W,2D3
309,-0.065,I,2D3
310,-0.124,S,2D3
311,-1.145,I,2D3
312,-0.689,V,2D3
313,-0.271,P,2D3
314,-0.158,N,2D3
315,-0.236,F,2D3
316,0.181,I,2D3
317,-0.386,L,2D3
318,-1.125,V,2D3
320,-0.023,N,2D3
321,-0.775,T,2D3
322,0.031,L,2D3
323,-0.276,I,2D3
324,-0.525,S,2D3
325,-0.738,N,2D3
326,-0.182,I,2D3
327,-0.746,E,2D3
328,-0.18,I,2D3
329,0.523,G,2D3
330,-0.252,F,2D3
332,-0.29,L,2D3
333,-0.525,I,2D3
334,0.41,T,2D3
335,0.553,K,2D3
336,-0.934,R,2D3
337,-0.198,S,2D3
338,-0.039,V,2D3
339,0.002,I,2D3
340,-0.143,C,2D3
341,-0.183,N,2D3
342,0.147,Q,2D3
343,-0.185,D,2D3
344,-0.08,Y,2D3
345,-0.049,A,2D3
346,-0.175,T,2D3
347,0.1,P,2D3
348,-0.44,M,2D3
349,-0.277,T,2D3
350,-0.362,N,2D3
351,-0.344,N,2D3
352,-0.409,M,2D3
353,-0.504,R,2D3
354,0.215,E,2D3
356,-0.05,L,2D3
357,-0.414,T,2D3
358,-1.391,G,2D3
359,0.3,S,2D3
360,-0.608,T,2D3
361,-0.173,E,2D3
362,0.132,K,2D3
364,-0.296,P,2D3
365,0.005,R,2D3
366,-0.519,E,2D3
367,-0.638,L,2D3
368,-0.118,V,2D3
369,-0.707,V,2D3
370,-0.18,S,2D3
371,-1.166,S,2D3
372,-0.823,H,2D3
373,-0.45,V,2D3
374,-0.335,P,2D3
375,-0.996,R,2D3
376,0.154,F,2D3
377,-0.017,A,2D3
378,0.089,L,2D3
379,-0.893,S,2D3
380,-0.679,N,2D3
381,-0.055,G,2D3
382,-0.026,V,2D3
383,-0.031,L,2D3
384,-0.067,F,2D3
385,-0.383,A,2D3
388,-0.118,I,2D3
389,-0.376,S,2D3
390,0.027,V,2D3
391,-1.78,T,2D3
393,-0.487,Q,2D3
395,-0.371,Q,2D3
396,-0.438,T,2D3
397,-0.31,T,2D3
398,-0.012,G,2D3
399,-1.433,R,2D3
400,-0.726,A,2D3
401,-0.093,I,2D3
402,-1.985,S,2D3
403,-0.019,Q,2D3
404,-1.158,S,2D3
405,-1.565,G,2D3
406,-0.436,E,2D3
407,0.565,Q,2D3
408,-0.012,T,2D3
409,-0.186,L,2D3
410,-0.29,L,2D3
411,0.056,M,2D3
412,0.052,I,2D3
414,0.017,N,2D3
415,0.089,T,2D3
416,-1.545,T,2D3
418,-0.039,P,2D3
419,-1.181,T,2D3
420,-0.329,A,2D3
421,-2.005,V,2D3
422,0.012,L,2D3
423,-0.006,G,2D3
424,-0.606,N,2D3
425,-0.358,V,2D3
426,-1.323,I,2D3
427,-0.041,I,2D3
428,-0.596,S,2D3
429,-0.05,L,2D3
430,-0.135,G,2D3
431,-0.455,K,2D3
432,0.036,Y,2D3
433,0.049,L,2D3
434,0.019,G,2D3
435,-0.291,S,2D3
436,0.408,V,2D3
437,-0.025,N,2D3
438,0.049,Y,2D3
439,-0.172,N,2D3
440,0.037,S,2D3
441,-0.424,E,2D3
442,-0.699,G,2D3
443,0.194,I,2D3
444,-0.263,A,2D3
445,0.163,I,2D3
446,-0.147,G,2D3
447,-0.188,P,2D3
448,0.506,P,2D3
449,-0.114,V,2D3
450,-0.686,F,2D3
451,-0.963,T,2D3
452,-0.192,D,2D3
453,-0.064,K,2D3
454,0.083,V,2D3
455,-0.243,D,2D3
456,0.085,I,2D3
457,-0.262,S,2D3
458,-0.799,S,2D3
459,-0.311,Q,2D3
460,0.133,I,2D3
461,-0.387,S,2D3
462,0.083,S,2D3
463,-0.023,M,2D3
464,-0.12,N,2D3
465,0.546,Q,2D3
466,-0.945,S,2D3
467,-0.216,L,2D3
468,-1.089,Q,2D3
469,-0.943,Q,2D3
470,-0.198,S,2D3
471,-0.403,K,2D3
472,-0.573,D,2D3
473,-0.837,Y,2D3
474,-0.4,I,2D3
475,-0.232,K,2D3
476,-0.976,E,2D3
477,-0.337,A,2D3
478,-1.305,Q,2D3
479,-0.407,R,2D3
480,-1.059,L,2D3
481,-0.551,L,2D3
29,-2.309,H,4H3
30,-0.211,Y,4H3
31,-3.191,E,4H3
32,0.613,K,4H3
33,-0.332,L,4H3
34,-0.191,S,4H3
35,-0.482,K,4H3
36,0.146,I,4H3
38,-1.019,L,4H3
39,-1.239,V,4H3
40,-2.247,K,4H3
41,-0.329,G,4H3
42,0.175,V,4H3
43,-0.44,T,4H3
44,-0.725,R,4H3
45,-1.12,K,4H3
46,-0.062,Y,4H3
47,0.207,K,4H3
48,-0.535,I,4H3
49,-2.189,K,4H3
50,-0.248,S,4H3
51,0.052,N,4H3
52,-0.896,P,4H3
53,-0.681,L,4H3
54,0.429,T,4H3
55,0.077,K,4H3
56,-1.423,D,4H3
57,-0.302,I,4H3
58,-1.612,V,4H3
59,-1.072,I,4H3
60,0.618,K,4H3
61,-0.196,M,4H3
62,8.577,I,4H3
63,-0.25,P,4H3
64,4.313,N,4H3
65,16.708,V,4H3
66,1.55,S,4H3
67,-8.462,N,4H3
68,8.203,M,4H3
69,15.888,S,4H3
70,27.462,Q,4H3
72,18.835,T,4H3
73,22.604,G,4H3
74,0.54,S,4H3
75,1.993,V,4H3
76,6.87,M,4H3
77,22.035,E,4H3
78,0.407,N,4H3
79,3.842,Y,4H3
80,15.766,K,4H3
81,0.103,T,4H3
83,-0.28,L,4H3
84,-1.185,N,4H3
85,-0.116,G,4H3
86,-0.985,I,4H3
87,0.362,L,4H3
88,-0.074,T,4H3
89,-1.136,P,4H3
90,-1.559,I,4H3
91,-1.775,K,4H3
92,-0.915,G,4H3
93,-0.543,A,4H3
94,0.153,L,4H3
95,-1.588,E,4H3
96,-0.741,I,4H3
97,-0.806,Y,4H3
98,-1.088,K,4H3
99,-4.292,N,4H3
100,-1.187,N,4H3
101,-2.36,T,4H3
102,-1.222,H,4H3
103,-0.408,D,4H3
104,-1.641,L,4H3
105,-1.791,V,4H3
106,0.874,G,4H3
107,-1.058,D,4H3
108,-1.444,V,4H3
109,-1.048,R,4H3
110,-0.499,L,4H3
111,-1.332,A,4H3
112,0.018,G,4H3
113,-0.421,V,4H3
114,0.258,I,4H3
115,-0.953,M,4H3
116,-0.805,A,4H3
117,-0.082,G,4H3
118,-0.611,V,4H3
119,-2.239,A,4H3
120,-0.262,I,4H3
121,-0.537,G,4H3
122,-0.408,I,4H3
123,-0.58,A,4H3
124,-0.247,T,4H3
125,-1.154,A,4H3
126,-0.232,A,4H3
127,-0.885,Q,4H3
128,0.071,I,4H3
129,-2.897,T,4H3
130,0.237,A,4H3
131,0.035,G,4H3
132,-1.006,V,4H3
133,-0.12,A,4H3
134,0.131,L,4H3
135,-0.147,Y,4H3
136,-2.943,E,4H3
137,-1.211,A,4H3
138,-4.609,M,4H3
139,-0.623,K,4H3
140,-1.059,N,4H3
141,-3.249,A,4H3
142,-1.244,D,4H3
143,-0.62,N,4H3
144,0.312,I,4H3
145,-0.329,N,4H3
146,0.556,K,4H3
147,-0.046,L,4H3
148,0.722,K,4H3
149,0.064,S,4H3
150,-0.663,S,4H3
151,0.031,I,4H3
152,19.912,E,4H3
153,1.115,S,4H3
154,-1.745,T,4H3
155,-1.882,N,4H3
156,-1.228,E,4H3
157,0.341,A,4H3
158,-0.318,V,4H3
159,-1.803,V,4H3
160,-0.163,K,4H3
161,-1.017,L,4H3
162,-1.362,Q,4H3
163,-1.696,E,4H3
164,-1.689,T,4H3
165,-1.45,A,4H3
166,-2.103,E,4H3
167,-1.473,K,4H3
168,-0.355,T,4H3
169,-1.128,V,4H3
170,-1.746,Y,4H3
171,0.221,V,4H3
172,-0.212,L,4H3
173,-0.515,T,4H3
174,-0.362,A,4H3
175,-0.729,L,4H3
177,-0.163,D,4H3
178,-1.531,Y,4H3
179,-0.948,I,4H3
180,4.104,N,4H3
181,-0.999,T,4H3
182,-0.576,N,4H3
183,-0.724,L,4H3
184,6.525,V,4H3
185,1.201,P,4H3
186,-0.629,T,4H3
187,3.511,I,4H3
188,1.394,D,4H3
189,1.973,K,4H3
190,-0.28,I,4H3
191,-1.684,S,4H3
192,4.532,C,4H3
193,2.937,K,4H3
194,-0.762,Q,4H3
195,3.677,T,4H3
196,4.621,E,4H3
197,0.887,L,4H3
198,-0.269,S,4H3
199,0.476,L,4H3
200,-0.133,D,4H3
201,2.238,L,4H3
202,1.063,A,4H3
203,-0.239,L,4H3
204,-0.403,S,4H3
205,-0.445,K,4H3
206,-0.292,Y,4H3
207,-0.345,L,4H3
208,0.254,S,4H3
209,-0.72,D,4H3
210,-2.017,L,4H3
211,0.2,L,4H3
212,0.133,F,4H3
213,-1.588,V,4H3
214,-0.109,F,4H3
215,0.155,G,4H3
216,0.102,P,4H3
217,0.332,N,4H3
218,-0.057,L,4H3
219,-0.648,Q,4H3
220,-2.122,D,4H3
221,-1.866,P,4H3
222,0.363,V,4H3
223,-0.366,S,4H3
224,-1.711,N,4H3
225,-0.675,S,4H3
226,-0.247,M,4H3
227,-0.225,T,4H3
228,-0.139,I,4H3
229,-0.434,Q,4H3
230,0.144,A,4H3
231,-0.368,I,4H3
232,-0.23,S,4H3
233,-1.036,Q,4H3
234,-0.416,A,4H3
235,-0.142,F,4H3
236,-0.261,G,4H3
237,-1.451,G,4H3
238,0.053,N,4H3
239,0.031,Y,4H3
240,-2.621,E,4H3
241,-0.974,T,4H3
242,0.237,L,4H3
243,-2.271,L,4H3
244,-0.704,R,4H3
245,-0.411,T,4H3
246,-2.728,L,4H3
247,-1.814,G,4H3
248,0.03,Y,4H3
249,-0.438,A,4H3
250,-2.672,T,4H3
251,-0.385,E,4H3
252,0.178,D,4H3
253,0.114,F,4H3
254,-1.507,D,4H3
255,0.136,D,4H3
256,-0.298,L,4H3
257,0.116,L,4H3
258,-0.045,E,4H3
259,0.028,S,4H3
260,0.029,D,4H3
261,-0.611,S,4H3
262,-0.49,I,4H3
263,-0.421,T,4H3
264,0.198,G,4H3
265,-1.02,Q,4H3
266,-0.074,I,4H3
267,-0.305,I,4H3
268,-1.717,Y,4H3
269,-1.071,V,4H3
270,-1.055,D,4H3
271,0.469,L,4H3
272,-0.301,S,4H3
273,20.295,S,4H3
274,7.126,Y,4H3
275,0.394,Y,4H3
276,0.04,I,4H3
277,-1.385,I,4H3
278,-1.694,V,4H3
279,-0.464,R,4H3
280,-0.46,V,4H3
281,-0.599,Y,4H3
282,0.691,F,4H3
283,-0.327,P,4H3
284,-0.028,I,4H3
285,-0.129,L,4H3
286,0.021,T,4H3
287,0.42,E,4H3
288,-0.331,I,4H3
289,-0.387,Q,4H3
290,-0.512,Q,4H3
291,-0.954,A,4H3
292,-0.662,Y,4H3
293,0.274,I,4H3
294,-0.277,Q,4H3
295,-0.653,E,4H3
296,-0.794,L,4H3
297,-2.253,L,4H3
298,-2.174,P,4H3
299,0.037,V,4H3
300,-0.283,S,4H3
301,0.011,F,4H3
302,-2.645,N,4H3
303,0.253,N,4H3
304,-2.795,D,4H3
305,0.027,N,4H3
306,-1.039,S,4H3
307,-2.673,E,4H3
308,-1.31,W,4H3
309,0.109,I,4H3
310,-0.097,S,4H3
311,-1.897,I,4H3
312,-1.229,V,4H3
313,-1.034,P,4H3
314,0.43,N,4H3
315,-2.363,F,4H3
316,-0.095,I,4H3
317,-2.761,L,4H3
318,-1.145,V,4H3
320,-0.45,N,4H3
321,-1.425,T,4H3
322,0.618,L,4H3
323,-0.707,I,4H3
324,-1.156,S,4H3
325,-0.688,N,4H3
326,-0.435,I,4H3
327,-1.422,E,4H3
328,-0.597,I,4H3
329,-1.195,G,4H3
330,-1.081,F,4H3
332,-0.312,L,4H3
333,-0.705,I,4H3
334,-0.208,T,4H3
335,-1.016,K,4H3
336,-1.323,R,4H3
337,0.066,S,4H3
338,0.046,V,4H3
339,-0.9,I,4H3
340,-0.205,C,4H3
341,-0.358,N,4H3
342,-0.601,Q,4H3
343,-0.211,D,4H3
344,-1.19,Y,4H3
345,-1.056,A,4H3
346,-0.187,T,4H3
347,-0.962,P,4H3
348,-0.482,M,4H3
349,-0.637,T,4H3
350,-0.859,N,4H3
351,-1.528,N,4H3
352,-1.17,M,4H3
353,-0.406,R,4H3
354,-0.346,E,4H3
356,-0.142,L,4H3
357,-2.427,T,4H3
358,-1.448,G,4H3
359,0.594,S,4H3
360,-0.519,T,4H3
361,-2.092,E,4H3
362,-0.41,K,4H3
364,-1.234,P,4H3
365,-1.099,R,4H3
366,-3.055,E,4H3
367,-0.218,L,4H3
368,0.018,V,4H3
369,-1.703,V,4H3
370,-0.282,S,4H3
371,-2.021,S,4H3
372,-0.882,H,4H3
373,0.176,V,4H3
374,-0.812,P,4H3
375,0.052,R,4H3
376,-0.074,F,4H3
377,-0.17,A,4H3
378,0.029,L,4H3
379,-0.586,S,4H3
380,-0.976,N,4H3
381,0.031,G,4H3
382,-0.98,V,4H3
383,-0.11,L,4H3
384,0.162,F,4H3
385,-0.364,A,4H3
388,-1.509,I,4H3
389,-0.73,S,4H3
390,0.778,V,4H3
391,0.316,T,4H3
393,-1.666,Q,4H3
395,0.061,Q,4H3
396,-0.65,T,4H3
397,0.527,T,4H3
398,-0.279,G,4H3
399,-0.776,R,4H3
400,-1.026,A,4H3
401,0.046,I,4H3
402,-0.559,S,4H3
403,-0.108,Q,4H3
404,-2.041,S,4H3
405,-2.0,G,4H3
406,-2.425,E,4H3
407,0.071,Q,4H3
408,-0.177,T,4H3
409,-0.477,L,4H3
410,-1.811,L,4H3
411,-0.112,M,4H3
412,-0.57,I,4H3
414,-1.424,N,4H3
415,-0.638,T,4H3
416,-1.227,T,4H3
418,-1.039,P,4H3
419,-0.588,T,4H3
420,-0.152,A,4H3
421,-3.163,V,4H3
422,0.219,L,4H3
423,0.281,G,4H3
424,-0.321,N,4H3
425,0.162,V,4H3
426,-0.89,I,4H3
427,-0.13,I,4H3
428,0.168,S,4H3
429,-0.686,L,4H3
430,0.061,G,4H3
431,0.994,K,4H3
432,-0.098,Y,4H3
433,-0.14,L,4H3
434,0.037,G,4H3
435,-0.398,S,4H3
436,-0.523,V,4H3
437,-1.289,N,4H3
438,-0.315,Y,4H3
439,-0.577,N,4H3
440,0.331,S,4H3
441,-1.701,E,4H3
442,-0.346,G,4H3
443,0.267,I,4H3
444,0.045,A,4H3
445,-0.025,I,4H3
446,-0.773,G,4H3
447,-2.268,P,4H3
448,0.17,P,4H3
449,-1.452,V,4H3
450,0.204,F,4H3
451,-1.829,T,4H3
452,-1.044,D,4H3
453,-0.57,K,4H3
454,-0.876,V,4H3
455,-0.776,D,4H3
456,-0.858,I,4H3
457,-1.64,S,4H3
458,-0.313,S,4H3
459,-2.092,Q,4H3
460,0.234,I,4H3
461,-0.359,S,4H3
462,-0.696,S,4H3
463,-0.155,M,4H3
464,-3.389,N,4H3
465,-0.775,Q,4H3
466,-2.249,S,4H3
467,-0.675,L,4H3
468,-2.238,Q,4H3
469,-4.237,Q,4H3
470,-0.852,S,4H3
471,-1.342,K,4H3
472,0.497,D,4H3
473,-0.441,Y,4H3
474,-1.665,I,4H3
475,-1.221,K,4H3
476,-3.64,E,4H3
477,-1.144,A,4H3
478,-0.46,Q,4H3
479,0.044,R,4H3
480,-1.562,L,4H3
481,-0.511,L,4H3
29,-1.591,H,1A9
30,-0.053,Y,1A9
31,-0.824,E,1A9
32,-0.026,K,1A9
33,-0.773,L,1A9
34,-0.525,S,1A9
35,-0.218,K,1A9
36,-1.438,I,1A9
38,-0.423,L,1A9
39,-1.813,V,1A9
40,-1.437,K,1A9
41,-1.028,G,1A9
42,3.649,V,1A9
43,16.846,T,1A9
44,0.391,R,1A9
45,21.877,K,1A9
46,0.763,Y,1A9
47,4.179,K,1A9
48,1.122,I,1A9
49,-3.372,K,1A9
50,-1.432,S,1A9
51,-0.935,N,1A9
52,0.796,P,1A9
53,-1.323,L,1A9
54,1.922,T,1A9
55,1.351,K,1A9
56,-2.755,D,1A9
57,-2.033,I,1A9
58,-0.656,V,1A9
59,0.082,I,1A9
60,-0.658,K,1A9
61,-1.428,M,1A9
62,-0.773,I,1A9
63,-0.363,P,1A9
64,-3.366,N,1A9
65,-2.155,V,1A9
66,-0.992,S,1A9
67,-3.993,N,1A9
68,-1.553,M,1A9
69,-2.176,S,1A9
70,1.173,Q,1A9
72,-0.112,T,1A9
73,-0.99,G,1A9
74,0.392,S,1A9
75,-0.485,V,1A9
76,-4.984,M,1A9
77,-0.466,E,1A9
78,1.499,N,1A9
79,0.11,Y,1A9
80,-2.759,K,1A9
81,-0.92,T,1A9
83,0.148,L,1A9
84,-0.063,N,1A9
85,-0.64,G,1A9
86,-0.13,I,1A9
87,-0.769,L,1A9
88,-0.293,T,1A9
89,0.708,P,1A9
90,-2.776,I,1A9
91,-0.544,K,1A9
92,28.829,G,1A9
93,-1.611,A,1A9
94,-1.521,L,1A9
95,-4.175,E,1A9
96,0.828,I,1A9
97,-0.958,Y,1A9
98,1.674,K,1A9
99,-14.574,N,1A9
100,-2.196,N,1A9
101,-9.896,T,1A9
102,-1.276,H,1A9
103,0.238,D,1A9
104,-1.706,L,1A9
105,-1.156,V,1A9
106,-2.746,G,1A9
107,-1.936,D,1A9
108,-1.988,V,1A9
109,-1.845,R,1A9
110,-1.083,L,1A9
111,-2.428,A,1A9
112,-2.723,G,1A9
113,0.288,V,1A9
114,0.841,I,1A9
115,-0.922,M,1A9
116,-0.016,A,1A9
117,-0.292,G,1A9
118,0.064,V,1A9
119,-1.594,A,1A9
120,-0.103,I,1A9
121,-1.255,G,1A9
122,-0.206,I,1A9
123,-0.262,A,1A9
124,0.083,T,1A9
125,-1.382,A,1A9
126,-0.731,A,1A9
127,-4.421,Q,1A9
128,0.596,I,1A9
129,-1.588,T,1A9
130,0.135,A,1A9
131,-0.065,G,1A9
132,-0.395,V,1A9
133,-0.02,A,1A9
134,-0.445,L,1A9
135,-0.612,Y,1A9
136,-1.007,E,1A9
137,-0.59,A,1A9
138,-0.595,M,1A9
139,-1.388,K,1A9
140,0.48,N,1A9
141,-1.61,A,1A9
142,-0.592,D,1A9
143,-0.962,N,1A9
144,-1.285,I,1A9
145,-2.491,N,1A9
146,-1.051,K,1A9
147,-1.014,L,1A9
148,-1.228,K,1A9
149,-0.674,S,1A9
150,-2.505,S,1A9
151,-0.589,I,1A9
152,-1.885,E,1A9
153,-0.221,S,1A9
154,-1.618,T,1A9
155,-1.012,N,1A9
156,-2.009,E,1A9
157,-0.047,A,1A9
158,-0.722,V,1A9
159,-1.092,V,1A9
160,-1.692,K,1A9
161,-0.72,L,1A9
162,-0.946,Q,1A9
163,-1.527,E,1A9
164,-1.934,T,1A9
165,-0.389,A,1A9
166,-0.61,E,1A9
167,-0.987,K,1A9
168,-0.739,T,1A9
169,-1.875,V,1A9
170,-0.493,Y,1A9
171,-0.616,V,1A9
172,-0.284,L,1A9
173,-1.88,T,1A9
174,-0.962,A,1A9
175,-1.71,L,1A9
177,-1.531,D,1A9
178,-2.946,Y,1A9
179,-0.912,I,1A9
180,-3.598,N,1A9
181,-1.273,T,1A9
182,0.561,N,1A9
183,-0.08,L,1A9
184,-2.015,V,1A9
185,-1.185,P,1A9
186,0.02,T,1A9
187,-1.118,I,1A9
188,0.038,D,1A9
189,-0.201,K,1A9
190,-1.102,I,1A9
191,-1.522,S,1A9
192,-2.1,C,1A9
193,-1.164,K,1A9
194,-1.395,Q,1A9
195,-0.832,T,1A9
196,-0.983,E,1A9
197,0.143,L,1A9
198,0.229,S,1A9
199,-1.168,L,1A9
200,-0.314,D,1A9
201,-0.07,L,1A9
202,-0.731,A,1A9
203,-2.057,L,1A9
204,-1.377,S,1A9
205,-0.596,K,1A9
206,0.222,Y,1A9
207,1.26,L,1A9
208,-0.582,S,1A9
209,-0.759,D,1A9
210,-3.468,L,1A9
211,-0.011,L,1A9
212,-0.33,F,1A9
213,-3.935,V,1A9
214,-0.185,F,1A9
215,-0.505,G,1A9
216,0.749,P,1A9
217,-0.707,N,1A9
218,-0.444,L,1A9
219,1.722,Q,1A9
220,-2.423,D,1A9
221,0.103,P,1A9
222,-1.041,V,1A9
223,-3.352,S,1A9
224,-0.475,N,1A9
225,-1.054,S,1A9
226,-0.43,M,1A9
227,-2.057,T,1A9
228,0.089,I,1A9
229,-0.063,Q,1A9
230,0.156,A,1A9
231,-0.894,I,1A9
232,-0.043,S,1A9
233,-1.245,Q,1A9
234,-1.324,A,1A9
235,-0.113,F,1A9
236,-0.499,G,1A9
237,-1.76,G,1A9
238,-0.04,N,1A9
239,-0.998,Y,1A9
240,-1.071,E,1A9
241,-0.709,T,1A9
242,-0.552,L,1A9
243,-3.953,L,1A9
244,-0.2,R,1A9
245,-2.472,T,1A9
246,-1.379,L,1A9
247,0.342,G,1A9
248,-0.53,Y,1A9
249,-1.564,A,1A9
250,12.48,T,1A9
251,14.825,E,1A9
252,2.041,D,1A9
253,-0.059,F,1A9
254,-0.678,D,1A9
255,0.208,D,1A9
256,0.656,L,1A9
257,-0.417,L,1A9
258,0.442,E,1A9
259,-0.288,S,1A9
260,-0.784,D,1A9
261,-0.303,S,1A9
262,-0.553,I,1A9
263,-2.79,T,1A9
264,0.015,G,1A9
265,-1.943,Q,1A9
266,-0.674,I,1A9
267,-0.475,I,1A9
268,-0.827,Y,1A9
269,-1.388,V,1A9
270,-2.353,D,1A9
271,-0.711,L,1A9
272,0.742,S,1A9
273,0.026,S,1A9
274,-2.597,Y,1A9
275,-0.434,Y,1A9
276,-1.1,I,1A9
277,-2.334,I,1A9
278,-3.239,V,1A9
279,-1.315,R,1A9
280,0.344,V,1A9
281,-1.516,Y,1A9
282,6.697,F,1A9
283,1.188,P,1A9
284,0.464,I,1A9
285,0.172,L,1A9
286,0.108,T,1A9
287,-10.657,E,1A9
288,0.362,I,1A9
289,-0.574,Q,1A9
290,0.423,Q,1A9
291,0.554,A,1A9
292,2.295,Y,1A9
293,-0.797,I,1A9
294,1.106,Q,1A9
295,-0.713,E,1A9
296,-0.822,L,1A9
297,-0.743,L,1A9
298,0.118,P,1A9
299,-0.34,V,1A9
300,-0.513,S,1A9
301,-0.279,F,1A9
302,-1.261,N,1A9
303,1.467,N,1A9
304,0.603,D,1A9
305,-0.176,N,1A9
306,0.128,S,1A9
307,-1.795,E,1A9
308,-0.386,W,1A9
309,-2.074,I,1A9
310,-0.655,S,1A9
311,-4.842,I,1A9
312,-1.088,V,1A9
313,-1.563,P,1A9
314,-0.611,N,1A9
315,0.163,F,1A9
316,-0.36,I,1A9
317,-3.003,L,1A9
318,-0.121,V,1A9
320,-1.33,N,1A9
321,-0.319,T,1A9
322,0.607,L,1A9
323,-2.366,I,1A9
324,-0.613,S,1A9
325,-4.986,N,1A9
326,-1.106,I,1A9
327,0.245,E,1A9
328,-2.732,I,1A9
329,-0.98,G,1A9
330,0.628,F,1A9
332,-0.952,L,1A9
333,-1.544,I,1A9
334,3.447,T,1A9
335,4.492,K,1A9
336,22.416,R,1A9
337,0.708,S,1A9
338,-0.766,V,1A9
339,0.478,I,1A9
340,-0.206,C,1A9
341,-2.015,N,1A9
342,-0.926,Q,1A9
343,-0.028,D,1A9
344,-0.492,Y,1A9
345,-1.651,A,1A9
346,-2.289,T,1A9
347,-2.593,P,1A9
348,-1.296,M,1A9
349,-1.501,T,1A9
350,-0.731,N,1A9
351,0.314,N,1A9
352,-1.248,M,1A9
353,0.834,R,1A9
354,0.248,E,1A9
356,-1.933,L,1A9
357,0.398,T,1A9
358,-2.264,G,1A9
359,0.992,S,1A9
360,-0.704,T,1A9
361,-1.828,E,1A9
362,0.286,K,1A9
364,-0.414,P,1A9
365,-2.093,R,1A9
366,-3.037,E,1A9
367,-1.746,L,1A9
368,-3.087,V,1A9
369,-2.505,V,1A9
370,0.142,S,1A9
371,-2.916,S,1A9
372,-1.464,H,1A9
373,-0.442,V,1A9
374,-1.652,P,1A9
375,0.527,R,1A9
376,-0.357,F,1A9
377,-0.389,A,1A9
378,-0.159,L,1A9
379,-2.837,S,1A9
380,0.134,N,1A9
381,0.187,G,1A9
382,-0.206,V,1A9
383,-0.417,L,1A9
384,-0.143,F,1A9
385,-1.489,A,1A9
388,-0.531,I,1A9
389,-1.056,S,1A9
390,-0.322,V,1A9
391,1.734,T,1A9
393,-1.981,Q,1A9
395,-0.824,Q,1A9
396,-2.488,T,1A9
397,-0.586,T,1A9
398,-0.336,G,1A9
399,2.722,R,1A9
400,1.165,A,1A9
401,-0.331,I,1A9
402,-0.143,S,1A9
403,0.326,Q,1A9
404,0.029,S,1A9
405,0.002,G,1A9
406,1.112,E,1A9
407,0.172,Q,1A9
408,-0.384,T,1A9
409,0.059,L,1A9
410,-1.036,L,1A9
411,0.028,M,1A9
412,0.014,I,1A9
414,-2.575,N,1A9
415,-0.178,T,1A9
416,-2.614,T,1A9
418,-1.931,P,1A9
419,0.747,T,1A9
420,-1.674,A,1A9
421,-0.125,V,1A9
422,0.568,L,1A9
423,-1.437,G,1A9
424,-1.009,N,1A9
425,-0.197,V,1A9
426,0.427,I,1A9
427,-0.494,I,1A9
428,-1.686,S,1A9
429,-0.484,L,1A9
430,-1.285,G,1A9
431,0.101,K,1A9
432,0.02,Y,1A9
433,-1.158,L,1A9
434,-0.249,G,1A9
435,-0.704,S,1A9
436,-0.946,V,1A9
437,-1.484,N,1A9
438,-0.054,Y,1A9
439,-0.393,N,1A9
440,-0.074,S,1A9
441,-0.45,E,1A9
442,-0.799,G,1A9
443,-0.921,I,1A9
444,0.963,A,1A9
445,-1.419,I,1A9
446,-0.352,G,1A9
447,-2.107,P,1A9
448,-2.13,P,1A9
449,-1.973,V,1A9
450,-2.728,F,1A9
451,-3.518,T,1A9
452,0.169,D,1A9
453,-2.785,K,1A9
454,1.613,V,1A9
455,-0.058,D,1A9
456,-1.055,I,1A9
457,-0.245,S,1A9
458,-4.137,S,1A9
459,-2.975,Q,1A9
460,0.038,I,1A9
461,-1.091,S,1A9
462,-2.057,S,1A9
463,-0.479,M,1A9
464,-4.195,N,1A9
465,-0.894,Q,1A9
466,-3.471,S,1A9
467,0.223,L,1A9
468,-3.888,Q,1A9
469,-2.878,Q,1A9
470,-1.185,S,1A9
471,0.535,K,1A9
472,-0.289,D,1A9
473,-1.044,Y,1A9
474,-0.152,I,1A9
475,0.002,K,1A9
476,-1.472,E,1A9
477,-0.293,A,1A9
478,-1.026,Q,1A9
479,0.412,R,1A9
480,-2.777,L,1A9
481,-0.128,L,1A9
29,-1.044,H,1F2
30,-1.214,Y,1F2
31,-1.484,E,1F2
32,-0.567,K,1F2
33,-0.427,L,1F2
34,-0.412,S,1F2
35,-0.545,K,1F2
36,-0.667,I,1F2
38,-0.909,L,1F2
39,-0.783,V,1F2
40,-1.01,K,1F2
41,-0.439,G,1F2
42,0.296,V,1F2
43,0.175,T,1F2
44,-0.829,R,1F2
45,-0.7,K,1F2
46,-0.889,Y,1F2
47,0.052,K,1F2
48,3.104,I,1F2
49,-1.694,K,1F2
50,3.345,S,1F2
51,1.48,N,1F2
52,-0.63,P,1F2
53,1.874,L,1F2
54,0.829,T,1F2
55,-1.756,K,1F2
56,-2.211,D,1F2
57,-1.734,I,1F2
58,-0.545,V,1F2
59,-0.082,I,1F2
60,-0.305,K,1F2
61,-1.083,M,1F2
62,-0.478,I,1F2
63,-0.455,P,1F2
64,-3.124,N,1F2
65,-3.307,V,1F2
66,-1.11,S,1F2
67,-3.614,N,1F2
68,-2.147,M,1F2
69,-2.361,S,1F2
70,-0.617,Q,1F2
72,-1.292,T,1F2
73,-1.934,G,1F2
74,0.492,S,1F2
75,-0.584,V,1F2
76,-4.394,M,1F2
77,-0.466,E,1F2
78,0.489,N,1F2
79,-0.96,Y,1F2
80,-1.465,K,1F2
81,-1.184,T,1F2
83,-0.654,L,1F2
84,-0.431,N,1F2
85,-2.1,G,1F2
86,-1.605,I,1F2
87,-0.437,L,1F2
88,-0.572,T,1F2
89,-0.434,P,1F2
90,-2.966,I,1F2
91,-1.289,K,1F2
92,-1.288,G,1F2
93,-1.388,A,1F2
94,-1.11,L,1F2
95,-1.309,E,1F2
96,-2.086,I,1F2
97,-0.693,Y,1F2
98,-0.062,K,1F2
99,-3.892,N,1F2
100,-1.37,N,1F2
101,-1.965,T,1F2
102,-2.3,H,1F2
103,0.753,D,1F2
104,-0.717,L,1F2
105,-0.515,V,1F2
106,-0.87,G,1F2
107,-0.228,D,1F2
108,-1.309,V,1F2
109,-1.771,R,1F2
110,-0.631,L,1F2
111,-1.318,A,1F2
112,-1.459,G,1F2
113,-0.438,V,1F2
114,0.598,I,1F2
115,-0.41,M,1F2
116,-0.142,A,1F2
117,-0.216,G,1F2
118,-0.342,V,1F2
119,-0.681,A,1F2
120,-0.235,I,1F2
121,-0.568,G,1F2
122,-0.61,I,1F2
123,-0.009,A,1F2
124,-0.212,T,1F2
125,-0.85,A,1F2
126,-0.734,A,1F2
127,-1.836,Q,1F2
128,0.122,I,1F2
129,-1.087,T,1F2
130,-0.082,A,1F2
131,-0.169,G,1F2
132,-0.587,V,1F2
133,-0.134,A,1F2
134,-0.617,L,1F2
135,-0.32,Y,1F2
136,-1.019,E,1F2
137,-0.672,A,1F2
138,0.664,M,1F2
139,-0.183,K,1F2
140,-0.174,N,1F2
141,-1.023,A,1F2
142,-0.866,D,1F2
143,-0.737,N,1F2
144,-1.017,I,1F2
145,-1.955,N,1F2
146,-0.811,K,1F2
147,-0.312,L,1F2
148,-1.713,K,1F2
149,-0.677,S,1F2
150,-2.191,S,1F2
151,-0.507,I,1F2
152,-0.87,E,1F2
153,-0.584,S,1F2
154,-0.359,T,1F2
155,-1.409,N,1F2
156,-1.166,E,1F2
157,-0.123,A,1F2
158,-0.355,V,1F2
159,-0.244,V,1F2
160,-0.534,K,1F2
161,-0.219,L,1F2
162,-0.04,Q,1F2
163,-1.626,E,1F2
164,-0.961,T,1F2
165,-1.078,A,1F2
166,-1.594,E,1F2
167,-0.547,K,1F2
168,-0.941,T,1F2
169,-1.001,V,1F2
170,-1.598,Y,1F2
171,-0.285,V,1F2
172,-0.568,L,1F2
173,-1.327,T,1F2
174,-1.561,A,1F2
175,-1.625,L,1F2
177,-1.797,D,1F2
178,-2.168,Y,1F2
179,-1.133,I,1F2
180,-3.577,N,1F2
181,-0.531,T,1F2
182,0.316,N,1F2
183,-0.717,L,1F2
184,-2.03,V,1F2
185,-1.456,P,1F2
186,-1.152,T,1F2
187,-1.128,I,1F2
188,-0.379,D,1F2
189,-0.882,K,1F2
190,-1.269,I,1F2
191,-2.183,S,1F2
192,-2.999,C,1F2
193,-1.124,K,1F2
194,-0.861,Q,1F2
195,-1.332,T,1F2
196,-0.261,E,1F2
197,0.529,L,1F2
198,-0.363,S,1F2
199,-1.342,L,1F2
200,0.124,D,1F2
201,-0.472,L,1F2
202,-1.73,A,1F2
203,-1.464,L,1F2
204,-2.069,S,1F2
205,0.046,K,1F2
206,-0.583,Y,1F2
207,0.134,L,1F2
208,-0.408,S,1F2
209,-0.07,D,1F2
210,-2.588,L,1F2
211,-0.312,L,1F2
212,0.062,F,1F2
213,-2.133,V,1F2
214,-0.251,F,1F2
215,0.165,G,1F2
216,-0.779,P,1F2
217,-1.073,N,1F2
218,-0.241,L,1F2
219,-0.439,Q,1F2
220,-1.077,D,1F2
221,-0.4,P,1F2
222,-1.048,V,1F2
223,-1.096,S,1F2
224,0.085,N,1F2
225,-1.025,S,1F2
226,-0.554,M,1F2
227,-0.41,T,1F2
228,-0.023,I,1F2
229,-0.768,Q,1F2
230,-0.315,A,1F2
231,-1.004,I,1F2
232,-0.138,S,1F2
233,-1.06,Q,1F2
234,-1.123,A,1F2
235,0.03,F,1F2
236,-0.096,G,1F2
237,-1.225,G,1F2
238,-0.018,N,1F2
239,-0.18,Y,1F2
240,-0.495,E,1F2
241,-0.346,T,1F2
242,-0.896,L,1F2
243,-1.612,L,1F2
244,-2.083,R,1F2
245,-1.205,T,1F2
246,-1.711,L,1F2
247,0.559,G,1F2
248,0.663,Y,1F2
249,1.576,A,1F2
250,-2.501,T,1F2
251,3.179,E,1F2
252,1.099,D,1F2
253,0.745,F,1F2
254,-0.382,D,1F2
255,0.018,D,1F2
256,0.03,L,1F2
257,-0.083,L,1F2
258,0.753,E,1F2
259,-0.138,S,1F2
260,-0.956,D,1F2
261,-0.533,S,1F2
262,-1.208,I,1F2
263,-1.548,T,1F2
264,-0.157,G,1F2
265,-2.194,Q,1F2
266,-0.396,I,1F2
267,-1.292,I,1F2
268,-1.689,Y,1F2
269,-1.13,V,1F2
270,-2.225,D,1F2
271,-1.391,L,1F2
272,0.119,S,1F2
273,-0.615,S,1F2
274,-1.201,Y,1F2
275,-0.596,Y,1F2
276,-1.029,I,1F2
277,-2.367,I,1F2
278,-1.485,V,1F2
279,-1.871,R,1F2
280,-0.57,V,1F2
281,-2.012,Y,1F2
282,0.083,F,1F2
283,0.283,P,1F2
284,1.16,I,1F2
285,-0.158,L,1F2
286,2.761,T,1F2
287,2.639,E,1F2
288,1.816,I,1F2
289,-0.524,Q,1F2
290,0.314,Q,1F2
291,-0.896,A,1F2
292,-0.99,Y,1F2
293,-0.459,I,1F2
294,0.062,Q,1F2
295,-0.984,E,1F2
296,-0.144,L,1F2
297,-1.094,L,1F2
298,-0.818,P,1F2
299,-0.143,V,1F2
300,-0.215,S,1F2
301,-0.234,F,1F2
302,-0.704,N,1F2
303,0.747,N,1F2
304,-0.196,D,1F2
305,-0.427,N,1F2
306,0.385,S,1F2
307,-1.348,E,1F2
308,-0.543,W,1F2
309,-1.587,I,1F2
310,-0.609,S,1F2
311,-3.522,I,1F2
312,-2.455,V,1F2
313,-0.93,P,1F2
314,-0.473,N,1F2
315,-1.828,F,1F2
316,-0.233,I,1F2
317,-2.479,L,1F2
318,-1.145,V,1F2
320,-0.352,N,1F2
321,0.475,T,1F2
322,0.22,L,1F2
323,-0.737,I,1F2
324,0.185,S,1F2
325,-3.35,N,1F2
326,-0.893,I,1F2
327,0.383,E,1F2
328,-1.072,I,1F2
329,-0.566,G,1F2
330,-0.508,F,1F2
332,-0.854,L,1F2
333,-1.545,I,1F2
334,-0.417,T,1F2
335,-0.686,K,1F2
336,0.462,R,1F2
337,0.207,S,1F2
338,-0.567,V,1F2
339,-0.029,I,1F2
340,-0.552,C,1F2
341,-2.559,N,1F2
342,-0.733,Q,1F2
343,-0.318,D,1F2
344,-0.69,Y,1F2
345,-2.125,A,1F2
346,-2.112,T,1F2
347,-2.774,P,1F2
348,-1.532,M,1F2
349,-1.086,T,1F2
350,0.304,N,1F2
351,-0.243,N,1F2
352,-1.448,M,1F2
353,0.882,R,1F2
354,0.023,E,1F2
356,-1.582,L,1F2
357,0.908,T,1F2
358,-1.97,G,1F2
359,-0.22,S,1F2
360,-0.537,T,1F2
361,-1.074,E,1F2
362,-0.624,K,1F2
364,-0.422,P,1F2
365,-1.743,R,1F2
366,-2.42,E,1F2
367,-1.5,L,1F2
368,-2.544,V,1F2
369,-1.625,V,1F2
370,-0.781,S,1F2
371,-1.313,S,1F2
372,-1.607,H,1F2
373,-0.595,V,1F2
374,-1.401,P,1F2
375,-0.077,R,1F2
376,-0.371,F,1F2
377,-0.828,A,1F2
378,-0.146,L,1F2
379,-1.704,S,1F2
380,-0.63,N,1F2
381,-0.108,G,1F2
382,-0.62,V,1F2
383,-0.453,L,1F2
384,-0.01,F,1F2
385,-0.811,A,1F2
388,0.011,I,1F2
389,0.292,S,1F2
390,-0.058,V,1F2
391,1.709,T,1F2
393,-1.507,Q,1F2
395,-0.72,Q,1F2
396,-0.775,T,1F2
397,-1.011,T,1F2
398,-0.195,G,1F2
399,1.208,R,1F2
400,1.361,A,1F2
401,-0.219,I,1F2
402,1.142,S,1F2
403,0.023,Q,1F2
404,0.63,S,1F2
405,1.931,G,1F2
406,0.024,E,1F2
407,-0.665,Q,1F2
408,-0.223,T,1F2
409,-0.047,L,1F2
410,-1.366,L,1F2
411,-0.043,M,1F2
412,-0.135,I,1F2
414,-2.554,N,1F2
415,-0.76,T,1F2
416,-1.382,T,1F2
418,-1.012,P,1F2
419,2.424,T,1F2
420,-1.821,A,1F2
421,-0.571,V,1F2
422,0.419,L,1F2
423,-1.047,G,1F2
424,-1.75,N,1F2
425,-0.791,V,1F2
426,0.08,I,1F2
427,-0.13,I,1F2
428,-1.715,S,1F2
429,-0.604,L,1F2
430,-0.807,G,1F2
431,-0.063,K,1F2
432,-0.027,Y,1F2
433,-1.565,L,1F2
434,-0.468,G,1F2
435,-0.414,S,1F2
436,-1.165,V,1F2
437,-0.867,N,1F2
438,-0.103,Y,1F2
439,-0.2,N,1F2
440,-0.196,S,1F2
441,-0.248,E,1F2
442,-0.254,G,1F2
443,-1.298,I,1F2
444,0.526,A,1F2
445,-1.789,I,1F2
446,0.009,G,1F2
447,-1.785,P,1F2
448,-2.245,P,1F2
449,-1.113,V,1F2
450,-1.602,F,1F2
451,-1.998,T,1F2
452,0.038,D,1F2
453,-3.614,K,1F2
454,0.077,V,1F2
455,-0.452,D,1F2
456,-0.811,I,1F2
457,0.026,S,1F2
458,-4.157,S,1F2
459,-2.509,Q,1F2
460,-0.22,I,1F2
461,-1.626,S,1F2
462,-2.033,S,1F2
463,-0.455,M,1F2
464,-4.379,N,1F2
465,-1.369,Q,1F2
466,-2.859,S,1F2
467,-0.072,L,1F2
468,-1.269,Q,1F2
469,-1.734,Q,1F2
470,-0.892,S,1F2
471,0.426,K,1F2
472,-0.65,D,1F2
473,-0.618,Y,1F2
474,-0.526,I,1F2
475,0.622,K,1F2
476,-0.99,E,1F2
477,-0.283,A,1F2
478,-0.535,Q,1F2
479,0.231,R,1F2
480,-0.895,L,1F2
481,-0.176,L,1F2
29,-2.379,H,2B12
30,1.509,Y,2B12
31,-3.907,E,2B12
32,-2.206,K,2B12
33,-1.136,L,2B12
34,-0.884,S,2B12
35,0.5,K,2B12
36,-1.387,I,2B12
38,-3.824,L,2B12
39,-1.663,V,2B12
40,-3.792,K,2B12
41,-1.657,G,2B12
42,0.627,V,2B12
43,2.927,T,2B12
44,-1.479,R,2B12
45,-0.344,K,2B12
46,-2.304,Y,2B12
47,0.487,K,2B12
48,3.742,I,2B12
49,-3.125,K,2B12
50,-1.756,S,2B12
51,-4.241,N,2B12
52,-4.258,P,2B12
53,-1.9,L,2B12
54,-0.169,T,2B12
55,0.087,K,2B12
56,-5.216,D,2B12
57,-4.111,I,2B12
58,-1.306,V,2B12
59,-0.581,I,2B12
60,-1.393,K,2B12
61,-2.189,M,2B12
62,-0.194,I,2B12
63,-0.934,P,2B12
64,-7.344,N,2B12
65,-7.517,V,2B12
66,-2.425,S,2B12
67,-8.425,N,2B12
68,-3.63,M,2B12
69,-7.504,S,2B12
70,-1.447,Q,2B12
72,-2.731,T,2B12
73,-1.982,G,2B12
74,-2.233,S,2B12
75,-3.448,V,2B12
76,-9.506,M,2B12
77,-2.541,E,2B12
78,1.414,N,2B12
79,-0.492,Y,2B12
80,-4.921,K,2B12
81,-2.533,T,2B12
83,-1.536,L,2B12
84,-2.087,N,2B12
85,-4.823,G,2B12
86,-4.182,I,2B12
87,-2.135,L,2B12
88,-1.162,T,2B12
89,0.797,P,2B12
90,-2.705,I,2B12
91,0.603,K,2B12
92,-4.43,G,2B12
93,-2.275,A,2B12
94,-3.684,L,2B12
95,-4.265,E,2B12
96,-2.114,I,2B12
97,-1.133,Y,2B12
98,-0.641,K,2B12
99,-5.935,N,2B12
100,-1.847,N,2B12
101,-2.395,T,2B12
102,-3.37,H,2B12
103,2.991,D,2B12
104,0.595,L,2B12
105,-2.496,V,2B12
106,-3.673,G,2B12
107,-2.207,D,2B12
108,-4.349,V,2B12
109,-3.535,R,2B12
110,-1.082,L,2B12
111,-2.047,A,2B12
112,-3.584,G,2B12
113,-0.363,V,2B12
114,2.299,I,2B12
115,-1.578,M,2B12
116,-1.797,A,2B12
117,-0.45,G,2B12
118,-0.738,V,2B12
119,-4.161,A,2B12
120,-0.417,I,2B12
121,-2.38,G,2B12
122,-2.528,I,2B12
123,0.041,A,2B12
124,-0.597,T,2B12
125,-2.516,A,2B12
126,-0.833,A,2B12
127,-3.676,Q,2B12
128,0.476,I,2B12
129,-6.519,T,2B12
130,-0.162,A,2B12
131,0.116,G,2B12
132,-3.118,V,2B12
133,-0.744,A,2B12
134,-1.184,L,2B12
135,1.037,Y,2B12
136,-2.487,E,2B12
137,-1.823,A,2B12
138,-1.669,M,2B12
139,-1.023,K,2B12
140,-0.198,N,2B12
141,-3.505,A,2B12
142,-2.275,D,2B12
143,-3.538,N,2B12
144,-0.739,I,2B12
145,-4.437,N,2B12
146,-2.147,K,2B12
147,-0.822,L,2B12
148,1.008,K,2B12
149,-2.174,S,2B12
150,-5.934,S,2B12
151,-0.5,I,2B12
152,-0.643,E,2B12
153,-1.193,S,2B12
154,-2.24,T,2B12
155,-4.517,N,2B12
156,-3.905,E,2B12
157,-0.49,A,2B12
158,-0.22,V,2B12
159,-1.306,V,2B12
160,-1.334,K,2B12
161,-1.441,L,2B12
162,-2.256,Q,2B12
163,0.191,E,2B12
164,-1.674,T,2B12
165,-2.957,A,2B12
166,-1.308,E,2B12
167,0.647,K,2B12
168,-0.316,T,2B12
169,-2.897,V,2B12
170,-2.55,Y,2B12
171,-2.867,V,2B12
172,-0.598,L,2B12
173,-3.715,T,2B12
174,-2.533,A,2B12
175,-1.58,L,2B12
177,-4.407,D,2B12
178,-3.489,Y,2B12
179,-0.32,I,2B12
180,-4.343,N,2B12
181,-1.62,T,2B12
182,0.67,N,2B12
183,-0.761,L,2B12
184,-1.849,V,2B12
185,-1.725,P,2B12
186,-0.438,T,2B12
187,-1.734,I,2B12
188,-4.484,D,2B12
189,-1.31,K,2B12
190,-0.43,I,2B12
191,-2.829,S,2B12
192,-8.341,C,2B12
193,0.056,K,2B12
194,-1.309,Q,2B12
195,-2.324,T,2B12
196,-4.06,E,2B12
197,4.552,L,2B12
198,-0.87,S,2B12
199,-3.07,L,2B12
200,0.527,D,2B12
201,3.708,L,2B12
202,-2.324,A,2B12
203,-4.381,L,2B12
204,-3.434,S,2B12
205,1.544,K,2B12
206,-1.033,Y,2B12
207,2.48,L,2B12
208,-0.241,S,2B12
209,1.488,D,2B12
210,-6.159,L,2B12
211,0.768,L,2B12
212,1.036,F,2B12
213,-2.574,V,2B12
214,-0.493,F,2B12
215,0.982,G,2B12
216,-0.129,P,2B12
217,-0.63,N,2B12
218,-0.029,L,2B12
219,-2.158,Q,2B12
220,-4.174,D,2B12
221,-2.747,P,2B12
222,-2.125,V,2B12
223,-3.395,S,2B12
224,-0.01,N,2B12
225,-4.482,S,2B12
226,-1.143,M,2B12
227,-2.664,T,2B12
228,-0.143,I,2B12
229,-0.789,Q,2B12
230,0.146,A,2B12
231,-2.365,I,2B12
232,-0.399,S,2B12
233,-2.36,Q,2B12
234,-1.602,A,2B12
235,-0.125,F,2B12
236,-1.396,G,2B12
237,-3.329,G,2B12
238,0.007,N,2B12
239,-0.841,Y,2B12
240,-0.075,E,2B12
241,-2.146,T,2B12
242,-1.718,L,2B12
243,-2.113,L,2B12
244,-2.965,R,2B12
245,-1.114,T,2B12
246,-3.639,L,2B12
247,-5.535,G,2B12
248,-1.996,Y,2B12
249,0.582,A,2B12
250,-4.257,T,2B12
251,2.111,E,2B12
252,1.869,D,2B12
253,0.296,F,2B12
254,-2.595,D,2B12
255,-0.255,D,2B12
256,1.013,L,2B12
257,-0.726,L,2B12
258,0.12,E,2B12
259,-0.295,S,2B12
260,-0.933,D,2B12
261,-0.207,S,2B12
262,-1.331,I,2B12
263,-2.412,T,2B12
264,-0.95,G,2B12
265,-3.166,Q,2B12
266,-0.33,I,2B12
267,-3.252,I,2B12
268,-3.258,Y,2B12
269,-3.026,V,2B12
270,-7.839,D,2B12
271,-4.679,L,2B12
272,-1.046,S,2B12
273,-1.261,S,2B12
274,-3.492,Y,2B12
275,-0.667,Y,2B12
276,-2.134,I,2B12
277,-6.166,I,2B12
278,-5.338,V,2B12
279,-3.662,R,2B12
280,-0.527,V,2B12
281,-5.911,Y,2B12
282,0.101,F,2B12
283,1.698,P,2B12
284,0.812,I,2B12
285,-0.223,L,2B12
286,2.184,T,2B12
287,1.367,E,2B12
288,3.043,I,2B12
289,-1.431,Q,2B12
290,2.702,Q,2B12
291,-1.347,A,2B12
292,0.183,Y,2B12
293,-1.199,I,2B12
294,2.129,Q,2B12
295,-2.044,E,2B12
296,-0.333,L,2B12
297,-2.449,L,2B12
298,-2.54,P,2B12
299,0.041,V,2B12
300,0.796,S,2B12
301,-1.627,F,2B12
302,22.894,N,2B12
303,2.019,N,2B12
304,17.465,D,2B12
305,1.62,N,2B12
306,3.276,S,2B12
307,8.435,E,2B12
308,-0.858,W,2B12
309,-2.768,I,2B12
310,-0.187,S,2B12
311,-2.903,I,2B12
312,-3.571,V,2B12
313,-2.953,P,2B12
314,-1.394,N,2B12
315,-3.618,F,2B12
316,0.352,I,2B12
317,-1.161,L,2B12
318,0.494,V,2B12
320,0.564,N,2B12
321,4.166,T,2B12
322,1.974,L,2B12
323,-2.935,I,2B12
324,5.563,S,2B12
325,-5.735,N,2B12
326,-2.331,I,2B12
327,0.333,E,2B12
328,-2.262,I,2B12
329,-2.294,G,2B12
330,0.132,F,2B12
332,-2.162,L,2B12
333,-2.659,I,2B12
334,1.181,T,2B12
335,-1.271,K,2B12
336,2.067,R,2B12
337,0.455,S,2B12
338,-2.342,V,2B12
339,-0.875,I,2B12
340,-1.04,C,2B12
341,-3.582,N,2B12
342,-0.652,Q,2B12
343,-0.659,D,2B12
344,-2.022,Y,2B12
345,-1.648,A,2B12
346,-2.599,T,2B12
347,-5.283,P,2B12
348,-2.782,M,2B12
349,-0.442,T,2B12
350,0.874,N,2B12
351,-0.568,N,2B12
352,-0.959,M,2B12
353,2.52,R,2B12
354,-0.889,E,2B12
356,-3.48,L,2B12
357,2.89,T,2B12
358,-2.583,G,2B12
359,-0.543,S,2B12
360,-2.648,T,2B12
361,-0.81,E,2B12
362,-0.636,K,2B12
364,0.54,P,2B12
365,-0.959,R,2B12
366,-3.639,E,2B12
367,1.232,L,2B12
368,-2.93,V,2B12
369,0.001,V,2B12
370,-0.912,S,2B12
371,-1.811,S,2B12
372,-3.52,H,2B12
373,1.743,V,2B12
374,-2.183,P,2B12
375,7.035,R,2B12
376,-0.932,F,2B12
377,-1.872,A,2B12
378,0.031,L,2B12
379,-5.117,S,2B12
380,-2.815,N,2B12
381,0.112,G,2B12
382,-1.828,V,2B12
383,0.238,L,2B12
384,0.099,F,2B12
385,-2.049,A,2B12
388,2.096,I,2B12
389,18.474,S,2B12
390,4.141,V,2B12
391,10.858,T,2B12
393,-1.553,Q,2B12
395,-0.472,Q,2B12
396,0.292,T,2B12
397,-0.356,T,2B12
398,-2.274,G,2B12
399,3.503,R,2B12
400,8.893,A,2B12
401,0.105,I,2B12
402,7.364,S,2B12
403,-0.178,Q,2B12
404,21.427,S,2B12
405,16.357,G,2B12
406,28.633,E,2B12
407,0.372,Q,2B12
408,-0.883,T,2B12
409,-0.148,L,2B12
410,-2.629,L,2B12
411,-0.172,M,2B12
412,-0.147,I,2B12
414,-8.013,N,2B12
415,-4.625,T,2B12
416,-4.723,T,2B12
418,-3.576,P,2B12
419,2.526,T,2B12
420,-1.367,A,2B12
421,2.973,V,2B12
422,0.429,L,2B12
423,-2.384,G,2B12
424,-1.839,N,2B12
425,0.487,V,2B12
426,1.517,I,2B12
427,0.647,I,2B12
428,-5.832,S,2B12
429,-1.77,L,2B12
430,-2.446,G,2B12
431,-1.389,K,2B12
432,-0.246,Y,2B12
433,-3.126,L,2B12
434,-1.039,G,2B12
435,0.523,S,2B12
436,-3.024,V,2B12
437,-0.274,N,2B12
438,0.132,Y,2B12
439,-0.768,N,2B12
440,-1.329,S,2B12
441,2.889,E,2B12
442,1.702,G,2B12
443,-2.002,I,2B12
444,-0.31,A,2B12
445,-3.123,I,2B12
446,-0.928,G,2B12
447,-5.383,P,2B12
448,-4.158,P,2B12
449,-1.488,V,2B12
450,-1.997,F,2B12
451,-3.642,T,2B12
452,-0.858,D,2B12
453,-5.035,K,2B12
454,1.171,V,2B12
455,-2.478,D,2B12
456,-2.686,I,2B12
457,1.752,S,2B12
458,-4.078,S,2B12
459,-4.625,Q,2B12
460,-0.102,I,2B12
461,-3.91,S,2B12
462,-3.188,S,2B12
463,-0.467,M,2B12
464,-5.759,N,2B12
465,-3.733,Q,2B12
466,-4.892,S,2B12
467,-0.564,L,2B12
468,-2.143,Q,2B12
469,-4.011,Q,2B12
470,-1.793,S,2B12
471,1.25,K,2B12
472,-1.513,D,2B12
473,1.247,Y,2B12
474,-2.098,I,2B12
475,2.561,K,2B12
476,-3.372,E,2B12
477,-0.655,A,2B12
478,-0.674,Q,2B12
479,1.356,R,2B12
480,-2.084,L,2B12
481,0.337,L,2B12
